reef_region,reef_species_id,reef_common_name,scientificName,match_key,reef_family_common,reef_family_scientific,reef_is_invertebrate
TWA,Species ID,Common Name,Scientific Name,scientific name,Common Name,Scientific Name,
TWA,0884,Acadian Redfish,Sebastes fasciatus,sebastes fasciatus,Scorpionfish,Scorpaenidae,
TWA,1130,African Oyster Blenny,Hypleurochilus aequipinnis,hypleurochilus aequipinnis,Blenny - Combtooth,Blenniidae,
TWA,0448,African Pompano,Alectis ciliaris,alectis ciliaris,Jack,Carangidae,
TWA,1135,Agujon Needlefish,Tylosurus acus,tylosurus acus,Needlefish,Belonidae,
TWA,0731,Alewife Herring,Alosa pseudoharengus,alosa pseudoharengus,Herring,Clupeidae,
TWA,0449,Almaco Jack,Seriola rivoliana,seriola rivoliana,Jack,Carangidae,
TWA,0712,American Eel,Anguilla rostrata,anguilla rostrata,Eel (Freshwater),Anguillidae,
TWA,0723,American Plaice,Hippoglossoides platessoides,hippoglossoides platessoides,Flounder (Right-Eye),Pleuronectidae,
TWA,0732,American Shad,Alosa sapidissima,alosa sapidissima,Herring,Clupeidae,
TWA,0528,Aquavina,Diplectrum radiale,diplectrum radiale,Seabass,Serranidae,
TWA,0714,Arctic Shanny,Stichaeus punctatus punctatus,stichaeus punctatus,Prickleback,Stichaeidae,
TWA,1100,Argentine Seabass,Acanthistius brasilianus,acanthistius brasilianus,Seabass,Serranidae,
TWA,0013,Arrow Blenny,Lucayablennius zingaro,lucayablennius zingaro,"Blenny - Pike, tube, and flag",Chaenopsidae,
TWA,1076,Arrow Stargazer,Gillellus greyae,gillellus greyae,Sand Stargazers,Dactyloscopidae,
TWA,0616,Atlantic Bonito,Sarda sarda,sarda sarda,Mackerel,Scombridae,
TWA,0450,Atlantic Bumper,Chloroscombrus chrysurus,chloroscombrus chrysurus,Jack,Carangidae,
TWA,0702,Atlantic Cod,Gadus morhua,gadus morhua,Cod,Gadidae,
TWA,0710,Atlantic Croaker,Micropogonias undulatus,micropogonias undulatus,Drum,Sciaenidae,
TWA,1116,Atlantic Cutlassfish,Trichiurus lepturus,trichiurus lepturus,Cutlassfish,Trichiuridae,
TWA,0349,Atlantic Flashlight,Kryptophanaron alfredi,kryptophanaron alfredi,Flashlight,Anomalopidae,
TWA,0512,Atlantic Guitarfish,Rhinobatos lentiginosus,rhinobatos lentiginosus,Guitarfish,Rhinobatidae,
TWA,0763,Atlantic Hagfish,Myxine glutinosa,myxine glutinosa,Hagfish,Myxinidae,
TWA,0733,Atlantic Herring,Clupea harengus,clupea harengus,Herring,Clupeidae,
TWA,0451,Atlantic Leatherjack,Oligoplites saurus,oligoplites saurus,Jack,Carangidae,
TWA,0736,Atlantic Mackerel,Scomber scombrus,scomber scombrus,Mackerel,Scombridae,
TWA,1099,Atlantic Mangrove Blenny,Lupinoblennius vinctus,lupinoblennius vinctus,"Blenny - Pike, tube, and flag",Chaenopsidae,
TWA,0950,Atlantic Manta Ray,Mobula yarae,mobula yarae,Manta,Mobulidae,
TWA,0734,Atlantic Menhaden,Brevoortia tyrannus,brevoortia tyrannus,Herring,Clupeidae,
TWA,0844,Atlantic Midshipman,Porichthys plectrodon,porichthys plectrodon,Toadfish,Batrachoididae,
TWA,0923,Atlantic Moonfish,Selene setapinnis,selene setapinnis,Jack,Carangidae,
TWA,0483,Atlantic Needlefish,Strongylura marina,strongylura marina,Needlefish,Belonidae,
TWA,0993,Atlantic Oyster Blenny,Hypleurochilus pseudoaequipinnis,hypleurochilus pseudoaequipinnis,Blenny - Combtooth,Blenniidae,
TWA,0744,Atlantic Salmon,Salmo salar,salmo salar,Trout/Salmon,Salmonidae,
TWA,0768,Atlantic Seasnail,Liparis atlanticus,liparis atlanticus,Lumpfish & Snailfish,Cyclopteridae,
TWA,0557,Atlantic Sharpnose Shark,Rhizoprionodon terraenovae,rhizoprionodon terraenovae,Requiem Shark,Carcharhinidae,
TWA,0769,Atlantic Silverside,Menidia menidia,menidia menidia,Neotropical Silversides,Atherinopsidae,
TWA,0235,Atlantic Spadefish,Chaetodipterus faber,chaetodipterus faber,Spadefish,Ephippidae,
TWA,0765,Atlantic Spiny Lumpsucker,Eumicrotremus spinosus,eumicrotremus spinosus,Lumpfish & Snailfish,Cyclopteridae,
TWA,0841,Atlantic Stingray,Dasyatis sabina,dasyatis sabina,Stingray,Dasyatidae,
TWA,0633,Atlantic Thread Herring,Opisthonema oglinum,opisthonema oglinum,Herring,Clupeidae,
TWA,0878,Atlantic Tomcod,Microgadus tomcod,microgadus tomcod,Cod,Gadidae,
TWA,0510,Atlantic Torpedo Ray,Torpedo nobiliana,torpedo nobiliana,Electric Ray,Torpedinidae,
TWA,0713,Atlantic Wolffish,Anarhichas lupus,anarhichas lupus,Wolffish,Anarhichadidae,
TWA,0847,Bahamas (Red Banner) Blenny (pka Redspine Glass Blenny),Emblemariopsis occidentalis,emblemariopsis occidentalis,"Blenny - Pike, tube, and flag",Chaenopsidae,
TWA,0403,Balao,Hemiramphus balao,hemiramphus balao,Halfbeak,Hemiramphidae,
TWA,1106,Bald Blenny,Paraclinus infrons,paraclinus infrons,Blenny - Labrisomids,Labrisomidae,
TWA,0163,Balloonfish,Diodon holocanthus,diodon holocanthus,Porcupinefish,Diodontidae,
TWA,0404,Ballyhoo,Hemiramphus brasiliensis,hemiramphus brasiliensis,Halfbeak,Hemiramphidae,
TWA,0316,Banded Blenny,Paraclinus fasciatus,paraclinus fasciatus,Blenny - Labrisomids,Labrisomidae,
TWA,0030,Banded Butterflyfish,Chaetodon striatus,chaetodon striatus,Butterflyfish,Chaetodontidae,
TWA,0715,Banded Gunnel,Pholis fasciata,pholis fasciata,Gunnel,Pholidae,
TWA,0462,Banded Jawfish,Opistognathus macrognathus,opistognathus macrognathus,Jawfish,Opistognathidae,
TWA,0738,Banded Killifish,Fundulus diaphanus,fundulus diaphanus,Killifish,Cyprinodontidae,
TWA,0890,Banded Puffer,Colomesus psittacus,colomesus psittacus,Puffer,Tetraodontidae,
TWA,0614,Banded Rudderfish,Seriola zonata,seriola zonata,Jack,Carangidae,
TWA,0164,Bandtail Puffer,Sphoeroides spengleri,sphoeroides spengleri,Puffer,Tetraodontidae,
TWA,0545,Bandtail Searobin,Prionotus ophryas,prionotus ophryas,Searobin,Triglidae,
TWA,0652,Bandtooth Conger,Ariosoma balearicum,ariosoma balearicum,Conger,Congridae,
TWA,0594,Bank Butterflyfish,Chaetodon aya,chaetodon aya,Butterflyfish,Chaetodontidae,
TWA,0529,Bank Sea Bass,Centropristis ocyurus,centropristis ocyurus,Seabass,Serranidae,
TWA,0883,Banner Blenny,Emblemaria atlantica,emblemaria atlantica,"Blenny - Pike, tube, and flag",Chaenopsidae,
TWA,0415,Banner Goby,Microgobius microlepis,microgobius microlepis,Goby,Gobiidae,
TWA,0777,Bantam Bass,Parasphyraenops incisus,parasphyraenops incisus,Seabass,Serranidae,
TWA,0133,Bar Jack,Caranx ruber,caranx ruber,Jack,Carangidae,
TWA,0820,Barber Goby (aka Widestripe Goby),Gobiosoma figaro,gobiosoma figaro,Goby,Gobiidae,
TWA,0524,Barbfish,Scorpaena brasiliensis,scorpaena brasiliensis,Scorpionfish,Scorpaenidae,
TWA,0632,Barbu,Polydactylus virginicus,polydactylus virginicus,Threadfin,Polynemidae,
TWA,0317,Barfin Blenny,Malacoctenus versicolor,malacoctenus versicolor,Blenny - Labrisomids,Labrisomidae,
TWA,0952,Barfin Goby,Coryphopterus alloides,coryphopterus alloides,Goby,Gobiidae,
TWA,0311,Barred Blenny,Hypleurochilus bermudensis,hypleurochilus bermudensis,Blenny - Combtooth,Blenniidae,
TWA,0035,Barred Cardinalfish,Apogon binotatus,apogon binotatus,Cardinalfish,Apogonidae,
TWA,0362,Barred Clingfish,Tomicodon fasciatus,tomicodon fasciatus,Clingfish,Gobiesocidae,
TWA,0118,Barred Hamlet (Caribbean),Hypoplectrus puella,hypoplectrus puella,Seabass,Serranidae,
TWA,0862,Barred Searobin,Prionotus martis,prionotus martis,Searobin,Triglidae,
TWA,0466,Barsnout Goby,Elacatinus illecebrosum,elacatinus illecebrosum,Goby,Gobiidae,
TWA,0417,Bartail Goby,Coryphopterus thrix,coryphopterus thrix,Goby,Gobiidae,
TWA,0752,Basking Shark,Cetorhinus maximus,cetorhinus maximus,Mackerel Shark,Lamnidae,
TWA,0760,Bay Anchovy,Anchoa mitchilli,anchoa mitchilli,Anchovy,Engraulidae,
TWA,0963,Bearded Brotula,Brotula barbata,brotula barbata,Cusk-eel,Ophidiidae,
TWA,0806,Bearded Goby,Barbulifer ceuthoecus,barbulifer ceuthoecus,Goby,Gobiidae,
TWA,0579,Bearded Toadfish,Sanopus barbatus,sanopus barbatus,Toadfish,Batrachoididae,
TWA,0047,Beaugregory,Stegastes leucostictus,stegastes leucostictus,Damselfish,Pomacentridae,
TWA,1060,Belize Blackcheek Blenny,Starksia weigti,starksia weigti,Blenny - Labrisomids,Labrisomidae,
TWA,0036,Belted Cardinalfish,Apogon townsendi,apogon townsendi,Cardinalfish,Apogonidae,
TWA,0577,Belted Sandfish,Serranus subligarius,serranus subligarius,Seabass,Serranidae,
TWA,0635,Bermuda Bream,Diplodus bermudensis,diplodus bermudensis,Porgy,Sparidae,
TWA,0221,Bermuda Chub/Gray Chub,Kyphosus sectatrix / K. bigibbus,kyphosus sectatrix,Chub,Kyphosidae,
TWA,0636,Bermuda Halfbeak,Hemiramphus bermudensis,hemiramphus bermudensis,Halfbeak,Hemiramphidae,
TWA,0992,Bermuda Hog-mouth Fry (aka Bermuda Anchovy),Anchoa choerostoma,anchoa choerostoma,Anchovy,Engraulidae,
TWA,0678,Bermuda killifish,Fundulus bermudae,fundulus bermudae,Killifish,Cyprinodontidae,
TWA,0048,Bicolor Damselfish,Stegastes partitus,stegastes partitus,Damselfish,Pomacentridae,
TWA,0835,Bicolored Sand Eel,Bascanichthys paulensis,bascanichthys paulensis,Snake Eel,Ophichthidae,
TWA,1111,Big-eyed Frogfish,Antennarius radiosus,antennarius radiosus,Frogfish,Antennariidae,
TWA,0011,Bigeye,Priacanthus arenatus,priacanthus arenatus,Bigeye,Priacanthidae,
TWA,0955,Bigeye Anchovy,Anchoa lamprotaenia,anchoa lamprotaenia,Anchovy,Engraulidae,
TWA,0475,Bigeye Mojarra,Eucinostomus havana,eucinostomus havana,Mojarra,Gerreidae,
TWA,0452,Bigeye Scad,Selar crumenophthalmus,selar crumenophthalmus,Jack,Carangidae,
TWA,0874,Bighead Searobin,Prionotus tribulus,prionotus tribulus,Searobin,Triglidae,
TWA,0350,Bigtooth Cardinalfish,Apogon affinis,apogon affinis,Cardinalfish,Apogonidae,
TWA,0588,Black Brotula,Stygnobrotula latebricola,stygnobrotula latebricola,Viviparous Brotula,Bythitidae,
TWA,0376,Black Drum,Pogonias cromis,pogonias cromis,Drum,Sciaenidae,
TWA,0207,Black Durgon,Melichthys niger,melichthys niger,Triggerfish,Balistidae,
TWA,0091,Black Grouper,Mycteroperca bonaci,mycteroperca bonaci,Seabass,Serranidae,
TWA,0443,Black Grunt,Haemulon bonariense,haemulon bonariense,Grunt,Haemulidae,
TWA,0119,Black Hamlet,Hypoplectrus nigricans,hypoplectrus nigricans,Seabass,Serranidae,
TWA,0453,Black Jack,Caranx lugubris,caranx lugubris,Jack,Carangidae,
TWA,0109,Black Margate,Anisotremus surinamensis,anisotremus surinamensis,Grunt,Haemulidae,
TWA,0531,Black Sea Bass,Centropristis striata,centropristis striata,Seabass,Serranidae,
TWA,0600,Black Snapper,Apsilus dentatus,apsilus dentatus,Snapper,Lutjanidae,
TWA,1151,Black-tailed Dascyllus (Non-native),Dascyllus melanurus,dascyllus melanurus,Damselfish,Pomacentridae,
TWA,0695,Blackbar Drum,Equetus iwamotoi,equetus iwamotoi,Drum,Sciaenidae,
TWA,1095,Blackbar Shy Blenny,Starksia fasciata,starksia fasciata,Blenny - Labrisomids,Labrisomidae,
TWA,0198,Blackbar Soldierfish,Myripristis jacobus,myripristis jacobus,Squirrelfish,Holocentridae,
TWA,1059,Blackbelly Blenny,Stathmonotus hemphillii,stathmonotus hemphillii,"Blenny - Pike, tube, and flag",Chaenopsidae,
TWA,0009,Blackcap Basslet,Gramma melacara,gramma melacara,Basslet,Grammatidae,
TWA,0849,Blackcheek Shy Blenny Complex,Starksia lepicoelia complex,starksia lepicoelia,Blenny - Labrisomids,Labrisomidae,
TWA,0724,Blackcheek Tonguefish,Symphurus plagiusa,symphurus plagiusa,Tonguefishes,Cynoglossidae,
TWA,0826,Blackear Bass,Serranus atrobranchus,serranus atrobranchus,Seabass,Serranidae,
TWA,0212,Blackear Wrasse,Halichoeres poeyi,halichoeres poeyi,Wrasse,Labridae,
TWA,0381,Blackedge Moray,Gymnothorax nigromarginatus,gymnothorax nigromarginatus,Moray,Muraenidae,
TWA,0342,Blackedge Triplefin,Enneanectes atrorus,enneanectes atrorus,Triplefin (Blenny),Tripterygiidae,
TWA,0318,Blackfin Blenny,Paraclinus nigripinnis,paraclinus nigripinnis,Blenny - Labrisomids,Labrisomidae,
TWA,0037,Blackfin Cardinalfish,Astrapogon puncticulatus,astrapogon puncticulatus,Cardinalfish,Apogonidae,
TWA,1058,Blackfin Glass Blenny (pka Fine-cirrus Blenny),Emblemariopsis leptocirris,emblemariopsis leptocirris,"Blenny - Pike, tube, and flag",Chaenopsidae,
TWA,0189,Blackfin Snapper,Lutjanus buccanella,lutjanus buccanella,Snapper,Lutjanidae,
TWA,1072,Blackfinned Clingfish,Gobiesox nigripinnis,gobiesox nigripinnis,Clingfish,Gobiesocidae,
TWA,0842,Blacknose Shark,Carcharhinus acronotus,carcharhinus acronotus,Requiem Shark,Carcharhinidae,
TWA,1014,Blackpored Eel,Ophichthus melanoporus,ophichthus melanoporus,Snake Eel,Ophichthidae,
TWA,0670,Blackringed Goby,Tigrigobius zebrellus,tigrigobius zebrellus,Goby,Gobiidae,
TWA,0387,Blackspotted Snake Eel,Quassiremus ascensionis,quassiremus ascensionis,Snake Eel,Ophichthidae,
TWA,0186,Blacktip Shark,Carcharhinus limbatus,carcharhinus limbatus,Requiem Shark,Carcharhinidae,
TWA,0798,Blackwing Searobin,Prionotus rubio,prionotus rubio,Searobin,Triglidae,
TWA,0001,Blue Angelfish,Holacanthus bermudensis,holacanthus bermudensis,Angelfish,Pomacanthidae,
TWA,0042,Blue Chromis,Azurina cyanea,azurina cyanea,Damselfish,Pomacentridae,
TWA,0896,Blue Croaker,Bairdiella batabana,bairdiella batabana,Drum,Sciaenidae,
TWA,0078,Blue Dartfish (Blue Goby),Ptereleotris calliurus,ptereleotris calliurus,Dartfish,Ptereleotridae,
TWA,0120,Blue Hamlet,Hypoplectrus gemma,hypoplectrus gemma,Seabass,Serranidae,
TWA,0602,Blue Marlin,Makaira nigricans,makaira nigricans,Billfishes,Istiophoridae,
TWA,0144,Blue Parrotfish,Scarus coeruleus,scarus coeruleus,Parrotfish,Scaridae,
TWA,0134,Blue Runner,Caranx crysos,caranx crysos,Jack,Carangidae,
TWA,0753,Blue Shark,Prionace glauca,prionace glauca,Requiem Shark,Carcharhinidae,
TWA,0204,Blue Tang,Acanthurus coeruleus,acanthurus coeruleus,Surgeonfish,Acanthuridae,
TWA,0735,Blueback Herring,Alosa aestivalis,alosa aestivalis,Herring,Clupeidae,
TWA,0775,Bluefin Tuna,Thunnus thynnus,thunnus thynnus,Mackerel,Scombridae,
TWA,0737,Bluefish,Pomatomus saltatrix,pomatomus saltatrix,Bluefish,Pomatomidae,
TWA,1085,Bluegold Glass Blenny,Emblemariopsis ruetzleri,emblemariopsis ruetzleri,"Blenny - Pike, tube, and flag",Chaenopsidae,
TWA,0776,Bluegold Goby,Lythrypnus spilus,lythrypnus spilus,Goby,Gobiidae,
TWA,0213,Bluehead,Thalassoma bifasciatum,thalassoma bifasciatum,Wrasse,Labridae,
TWA,0931,Bluelip Hamlet,Hypoplectrus affinis,hypoplectrus affinis,Seabass,Serranidae,
TWA,0145,Bluelip Parrotfish,Cryptotomus roseus,cryptotomus roseus,Parrotfish,Scaridae,
TWA,0920,Bluespotted Blenny,Acanthemblemaria cf. rivasi,acanthemblemaria cf,"Blenny - Pike, tube, and flag",Chaenopsidae,
TWA,0222,Bluespotted Cornetfish,Fistularia tabacaria,fistularia tabacaria,Cornetfish,Fistulariidae,
TWA,0801,Bluespotted Damselfish,Stegastes fuscus,stegastes fuscus,Damselfish,Pomacentridae,
TWA,0789,Bluespotted Searobin,Prionotus roseus,prionotus roseus,Searobin,Triglidae,
TWA,0653,Bluestriped Dartfish,Ptereleotris randalli,ptereleotris randalli,Dartfish,Ptereleotridae,
TWA,0105,Bluestriped Grunt,Haemulon sciurus,haemulon sciurus,Grunt,Haemulidae,
TWA,0469,Bluestriped Lizardfish,Synodus saurus,synodus saurus,Lizardfish,Synodontidae,
TWA,0340,Bluethroat Pikeblenny,Chaenopsis ocellata,chaenopsis ocellata,"Blenny - Pike, tube, and flag",Chaenopsidae,
TWA,0850,Bluewing Searobin,Prionotus punctatus,prionotus punctatus,Searobin,Triglidae,
TWA,1065,Blunt-snout Goby,Psilotris amblyrhynchus,psilotris amblyrhynchus,Goby,Gobiidae,
TWA,1117,Bluntnose Jack,Hemicaranx amblyrhynchus,hemicaranx amblyrhynchus,Jack,Carangidae,
TWA,0754,Bluntnose Stingray,Hypanus say,hypanus say,Stingray,Dasyatidae,
TWA,0023,Boga,Haemulon vittatum,haemulon vittatum,Grunt,Haemulidae,
TWA,0347,Bonefish,Albula vulpes,albula vulpes,Bonefish,Albulidae,
TWA,0547,Bonnethead,Sphyrna tiburo,sphyrna tiburo,Hammerhead Shark,Sphyrnidae,
TWA,0024,Bonnetmouth,Emmelichthyops atlanticus,emmelichthyops atlanticus,Grunt,Haemulidae,
TWA,0943,Brassy Chub,Kyphosus vaigiensis,kyphosus vaigiensis,Chub,Kyphosidae,
TWA,1147,Brazil Clingfish,Tomicodon australis,tomicodon australis,Clingfish,Gobiesocidae,
TWA,1075,Brazil Ocean Surgeonfish,Acanthurus bahianus,acanthurus bahianus,Surgeonfish,Acanthuridae,
TWA,0975,Brazilian Basslet,Gramma brasiliensis,gramma brasiliensis,Basslet,Grammatidae,
TWA,0819,Brazilian Cardinal,Apogon americanus,apogon americanus,Cardinalfish,Apogonidae,
TWA,0980,Brazilian Chromis (aka Jubauna Reeffish),Chromis jubauna,chromis jubauna,Damselfish,Pomacentridae,
TWA,1013,Brazilian Clown Wrasse,Halichoeres penrosei,halichoeres penrosei,Wrasse,Labridae,
TWA,1015,Brazilian Cocoa Damselfish,Stegastes variabilis,stegastes variabilis,Damselfish,Pomacentridae,
TWA,1084,Brazilian Glass Blenny,Emblemariopsis signifer,emblemariopsis signifer,"Blenny - Pike, tube, and flag",Chaenopsidae,
TWA,0809,Brazilian Razorfish,Xyrichtys incandescens,xyrichtys incandescens,Wrasse,Labridae,
TWA,0977,Brazilian Reef Stingray,Hypanus marianae,hypanus marianae,Stingray,Dasyatidae,
TWA,1141,Brazilian Saddled Blenny,Malacoctenus zaluari,malacoctenus zaluari,Blenny - Labrisomids,Labrisomidae,
TWA,0967,Brazilian Wrasse,Halichoeres brasiliensis,halichoeres brasiliensis,Wrasse,Labridae,
TWA,0982,Brazilian Yellowcheek Wrasse,Halichoeres dimidiatus,halichoeres dimidiatus,Wrasse,Labridae,
TWA,0351,Bridle Cardinalfish,Apogon aurolineatus,apogon aurolineatus,Cardinalfish,Apogonidae,
TWA,0165,Bridled Burrfish,Chilomycterus antennatus,chilomycterus antennatus,Porcupinefish,Diodontidae,
TWA,0935,Bridled Goby (true species; not complex),Coryphopterus glaucofraenum,coryphopterus glaucofraenum,Goby,Gobiidae,
TWA,0079,Bridled Goby Complex (Bridled/Sand-Canyon/Patch-Reef),C. glaucofraenum/C. venezuelae/C. tortugae,c. glaucofraenum,Goby,Gobiidae,
TWA,0382,Broadbanded Moray,Channomuraena vittata,channomuraena vittata,Moray,Muraenidae,
TWA,0352,Broadsaddle Cardinalfish,Apogon pillionatus,apogon pillionatus,Cardinalfish,Apogonidae,
TWA,0418,Broadstripe Goby,Elacatinus prochilos,elacatinus prochilos,Goby,Gobiidae,
TWA,0353,Bronze Cardinalfish,Astrapogon alutus,astrapogon alutus,Cardinalfish,Apogonidae,
TWA,0444,Bronzestriped Grunt,Haemulon boschmae,haemulon boschmae,Grunt,Haemulidae,
TWA,0865,Brown Burrfish,Chilomycterus spinosus spinosus,chilomycterus spinosus,Porcupinefish,Diodontidae,
TWA,0043,Brown Chromis,Azurina multilineata,azurina multilineata,Damselfish,Pomacentridae,
TWA,0060,Brown Garden Eel,Heteroconger longissimus,heteroconger longissimus,Conger,Congridae,
TWA,0817,Brownbar Goby,Priolepis dawsoni,priolepis dawsoni,Goby,Gobiidae,
TWA,0808,Brownstripe Grunt,Anisotremus moricandi,anisotremus moricandi,Grunt,Haemulidae,
TWA,0892,Brushtail Tang (exotic),Zebrasoma scopas,zebrasoma scopas,Surgeonfish,Acanthuridae,
TWA,0146,Bucktooth Parrotfish,Sparisoma radians,sparisoma radians,Parrotfish,Scaridae,
TWA,0900,Bull Pipefish,Syngnathus springeri,syngnathus springeri,Pipefish and Seahorse,Syngnathidae,
TWA,0552,Bull Shark,Carcharhinus leucas,carcharhinus leucas,Requiem Shark,Carcharhinidae,
TWA,1136,Bullnose Ray,Myliobatis freminvillei,myliobatis freminvillei,Eagle Ray,Myliobatidae,
TWA,1109,Burro Grunt,Rhonciscus crocro,rhonciscus crocro,Grunt,Haemulidae,
TWA,0121,Butter Hamlet,Hypoplectrus unicolor,hypoplectrus unicolor,Seabass,Serranidae,
TWA,0761,Butterfish,Peprilus triacanthus,peprilus triacanthus,Butterfishes,Stromateidae,
TWA,0106,Caesar Grunt,Haemulon carbonarium,haemulon carbonarium,Grunt,Haemulidae,
TWA,0532,Candy Basslet,Liopropoma carmabi,liopropoma carmabi,Basslet / Seabass,Liopropomatinae,
TWA,0568,Cardinal Soldierfish,Plectrypops retrospinis,plectrypops retrospinis,Squirrelfish,Holocentridae,
TWA,1080,Caribbean Blenny,Emblemaria caldwelli,emblemaria caldwelli,"Blenny - Pike, tube, and flag",Chaenopsidae,
TWA,0901,Caribbean Neon Goby,Elacatinus lobeli,elacatinus lobeli,Goby,Gobiidae,
TWA,0907,Caribbean ocellated moray,Gymnothorax ocellatus,gymnothorax ocellatus,Moray,Muraenidae,
TWA,0685,Caribbean Pipefish,Syngnathus caribbaeus,syngnathus caribbaeus,Pipefish and Seahorse,Syngnathidae,
TWA,0504,Caribbean Puffer,Sphoeroides greeleyi,sphoeroides greeleyi,Puffer,Tetraodontidae,
TWA,0561,Caribbean Red Snapper,Lutjanus purpureus,lutjanus purpureus,Snapper,Lutjanidae,
TWA,0627,Caribbean Tonguefish,Symphurus arawak,symphurus arawak,Tonguefishes,Cynoglossidae,
TWA,0519,Caribbean Whiptail Stingray,Himantura schmardae,himantura schmardae,Stingray,Dasyatidae,
TWA,0368,Carolina Hake,Urophycis earllii,urophycis earllii,Cod,Gadidae,
TWA,0533,Cave Basslet,Liopropoma mowbrayi,liopropoma mowbrayi,Basslet / Seabass,Liopropomatinae,
TWA,0929,Cayman Bluespotted Variant Yellow Jawfish (aka Dottie’s Jawfish),Opistognathus cf. gilberti,opistognathus cf,Jawfish,Opistognathidae,
TWA,0946,Cayman Cleaning Goby,Elacatinus cayman,elacatinus cayman,Goby,Gobiidae,
TWA,1068,Cayman Greenbanded Goby,Tigrigobius harveyi,tigrigobius harveyi,Goby,Gobiidae,
TWA,1003,Cayman Sponge Goby,Elacatinus centralis,elacatinus centralis,Goby,Gobiidae,
TWA,0142,Cero,Scomberomorus regalis,scomberomorus regalis,Mackerel,Scombridae,
TWA,0061,Chain Moray,Echidna catenata,echidna catenata,Moray,Muraenidae,
TWA,0879,Chain Pipefish,Syngnathus louisianae,syngnathus louisianae,Pipefish and Seahorse,Syngnathidae,
TWA,0179,Chalk Bass,Serranus tortugarum,serranus tortugarum,Seabass,Serranidae,
TWA,0666,Chameleon Blenny,Protemblemaria punctata,protemblemaria punctata,"Blenny - Pike, tube, and flag",Chaenopsidae,
TWA,0396,Channel Flounder,Syacium micrurum,syacium micrurum,Flounder,Bothidae,
TWA,1069,Checkerboard Frillfin,Bathygobius lacertus,bathygobius lacertus,Goby,Gobiidae,
TWA,0505,Checkered Puffer,Sphoeroides testudineus,sphoeroides testudineus,Puffer,Tetraodontidae,
TWA,0320,Checkered Shy Blenny Complex,Starksia ocellata complex,starksia ocellata,Blenny - Labrisomids,Labrisomidae,
TWA,0002,Cherubfish,Centropyge argi,centropyge argi,Angelfish,Pomacanthidae,
TWA,0675,Chessboard Shy Blenny Complex,Starksia sluiteri complex,starksia sluiteri,Blenny - Labrisomids,Labrisomidae,
TWA,0383,Chestnut Moray,Enchelycore carychroa,enchelycore carychroa,Moray,Muraenidae,
TWA,0778,Chub Mackerel,Scomber japonicus,scomber japonicus,Mackerel,Scombridae,
TWA,0824,Cinta Goby,Tigrigobius redimiculus,tigrigobius redimiculus,Goby,Gobiidae,
TWA,0419,Cleaning Goby,Elacatinus genie,elacatinus genie,Goby,Gobiidae,
TWA,0517,Clearnose Skate,Rostroraja eglanteria,rostroraja eglanteria,Skate,Rajidae,
TWA,0838,Clown Goby,Microgobius gulosus,microgobius gulosus,Goby,Gobiidae,
TWA,0214,Clown Wrasse,Halichoeres maculipinna,halichoeres maculipinna,Wrasse,Labridae,
TWA,0367,Cobia,Rachycentron canadum,rachycentron canadum,Cobia,Rachycentridae,
TWA,0049,Cocoa Damselfish,Stegastes xanthurus,stegastes xanthurus,Damselfish,Pomacentridae,
TWA,0881,Code Goby,Gobiosoma robustum,gobiosoma robustum,Goby,Gobiidae,
TWA,0947,Colin's Sponge Goby,Elacatinus colini,elacatinus colini,Goby,Gobiidae,
TWA,0080,Colon Goby,Coryphopterus dicrus,coryphopterus dicrus,Goby,Gobiidae,
TWA,0233,Common Snook,Centropomus undecimalis,centropomus undecimalis,Snook,Centropomidae,
TWA,0354,Conchfish,Astrapogon stellatus,astrapogon stellatus,Cardinalfish,Apogonidae,
TWA,0093,Coney,Cephalopholis fulva,cephalopholis fulva,Seabass,Serranidae,
TWA,0379,Conger Eel,Conger oceanicus,conger oceanicus,Conger,Congridae,
TWA,0918,Contoy Hamlet,Hypoplectrus ecosur,hypoplectrus ecosur,Seabass,Serranidae,
TWA,0795,Convict Goby,Lythrypnus phorellus,lythrypnus phorellus,Goby,Gobiidae,
TWA,0321,Coral Blenny,Paraclinus cingulatus,paraclinus cingulatus,Blenny - Labrisomids,Labrisomidae,
TWA,0672,Coral Scorpionfish,Scorpaena albifimbria,scorpaena albifimbria,Scorpionfish,Scorpaenidae,
TWA,0445,Corocoro Grunt,Orthopristis ruber,orthopristis ruber,Grunt,Haemulidae,
TWA,0454,Cottonmouth Jack,Uraspis secunda,uraspis secunda,Jack,Carangidae,
TWA,0107,Cottonwick,Haemulon melanurum,haemulon melanurum,Grunt,Haemulidae,
TWA,0807,Cownose Ray,Rhinoptera bonasus,rhinoptera bonasus,Stingray,Dasyatidae,
TWA,1079,Cozumel Toadfish (not the same as Splendid Toad),Sanopus johnsoni,sanopus johnsoni,Toadfish,Batrachoididae,
TWA,0215,Creole Wrasse,Bodianus parrae,bodianus parrae,Wrasse,Labridae,
TWA,0180,Creolefish (Atlantic),Paranthias furcifer,paranthias furcifer,Seabass,Serranidae,
TWA,0608,Crested Blenny,Hypleurochilus geminatus,hypleurochilus geminatus,Blenny - Combtooth,Blenniidae,
TWA,0420,Crested Goby,Lophogobius cyprinoides,lophogobius cyprinoides,Goby,Gobiidae,
TWA,0960,Crested Pipefish,Cosmocampus brachycephalus,cosmocampus brachycephalus,Pipefish and Seahorse,Syngnathidae,
TWA,0135,Crevalle Jack,Caranx hippos,caranx hippos,Jack,Carangidae,
TWA,0858,Crosshatch Bass,Serranus luciopercanus,serranus luciopercanus,Seabass,Serranidae,
TWA,1062,Cryptic Clingfish,Tomicodon cryptus,tomicodon cryptus,Clingfish,Gobiesocidae,
TWA,0055,Cubbyu,Pareques umbrosus,pareques umbrosus,Drum,Sciaenidae,
TWA,0190,Cubera Snapper,Lutjanus cyanopterus,lutjanus cyanopterus,Snapper,Lutjanidae,
TWA,0759,Cunner,Tautogolabrus adspersus,tautogolabrus adspersus,Wrasse,Labridae,
TWA,0703,Cusk,Brosme brosme,brosme brosme,Cod,Gadidae,
TWA,1125,Darksaddle Blenny,Starksia sella,starksia sella,Blenny - Labrisomids,Labrisomidae,
TWA,0421,Dash Goby,Ctenogobius saepepallens,ctenogobius saepepallens,Goby,Gobiidae,
TWA,0921,Dashback Goby,Microgobius signatus,microgobius signatus,Goby,Gobiidae,
TWA,0716,Daubed Shanny,Lumpenus maculatus,lumpenus maculatus,Prickleback,Stichaeidae,
TWA,0696,Deepreef Scorpionfish,Scorpaenodes tredecimspinosus,scorpaenodes tredecimspinosus,Scorpionfish,Scorpaenidae,
TWA,0567,Deepwater Squirrelfish,Sargocentron bullisi,sargocentron bullisi,Squirrelfish,Holocentridae,
TWA,0800,Delalande Blenny,Malacoctenus delalandii,malacoctenus delalandii,Blenny - Labrisomids,Labrisomidae,
TWA,0014,Diamond Blenny,Malacoctenus boehlkei,malacoctenus boehlkei,Blenny - Labrisomids,Labrisomidae,
TWA,1051,Diphasic Goby,Lythrypnus heterochroma,lythrypnus heterochroma,Goby,Gobiidae,
TWA,0205,Doctorfish,Acanthurus chirurgus,acanthurus chirurgus,Surgeonfish,Acanthuridae,
TWA,0191,Dog Snapper,Lutjanus jocu,lutjanus jocu,Snapper,Lutjanidae,
TWA,0391,Dotterel Filefish,Aluterus heudeloti,aluterus heudeloti,Filefish,Monacanthidae,
TWA,1088,Doubtful Lizardfish,Saurida suspicio,saurida suspicio,Lizardfish,Synodontidae,
TWA,0323,Downy Blenny,Labrisomus kalisherae,labrisomus kalisherae,Blenny - Labrisomids,Labrisomidae,
TWA,0864,Drab Sole,Achirus achirus,achirus achirus,Sole (American),Achiridae,
TWA,0904,Dusky Anchovy,Anchoa lyolepis,anchoa lyolepis,Anchovy,Engraulidae,
TWA,0324,Dusky Blenny,Malacoctenus gilli,malacoctenus gilli,Blenny - Labrisomids,Labrisomidae,
TWA,0038,Dusky Cardinalfish,Phaeoptyx pigmentaria,phaeoptyx pigmentaria,Cardinalfish,Apogonidae,
TWA,0050,Dusky Damselfish,Stegastes adustus,stegastes adustus,Damselfish,Pomacentridae,
TWA,0397,Dusky Flounder,Syacium papillosum,syacium papillosum,Flounder,Bothidae,
TWA,0986,Dusky Grouper,Epinephelus marginata,epinephelus marginata,Seabass,Serranidae,
TWA,0463,Dusky Jawfish,Opistognathus whitehurstii,opistognathus whitehurstii,Jawfish,Opistognathidae,
TWA,0692,Dusky Pipefish,Syngnathus floridae,syngnathus floridae,Pipefish and Seahorse,Syngnathidae,
TWA,0553,Dusky Shark,Carcharhinus obscurus,carcharhinus obscurus,Requiem Shark,Carcharhinidae,
TWA,0199,Dusky Squirrelfish,Sargocentron vexillarium,sargocentron vexillarium,Squirrelfish,Holocentridae,
TWA,0407,Dwarf Frogfish,Antennarius pauciradiatus,antennarius pauciradiatus,Frogfish,Antennariidae,
TWA,0413,Dwarf Goatfish,Upeneus parvus,upeneus parvus,Goatfish,Mullidae,
TWA,1022,Dwarf Goby,Lythrypnus elasson,lythrypnus elasson,Goby,Gobiidae,
TWA,0629,Dwarf Herring,Jenkinsia lamprotaenia,jenkinsia lamprotaenia,"Silvery Fishes - Silversides, Herrings, and Anchovies","Atherinidae, Clupeidae, and Engraulidae",
TWA,0534,Dwarf Sand Perch,Diplectrum bivittatum,diplectrum bivittatum,Seabass,Serranidae,
TWA,0887,Dwarf Seahorse,Hippocampus zosterae,hippocampus zosterae,Pipefish and Seahorse,Syngnathidae,
TWA,1096,Dwarf Shy Blenny,Starksia nanodes,starksia nanodes,Blenny - Labrisomids,Labrisomidae,
TWA,1089,Dwarf Spinyhead Blenny,Acanthemblemaria paula,acanthemblemaria paula,"Blenny - Pike, tube, and flag",Chaenopsidae,
TWA,0587,Dwarf Wrasse,Doratonotus megalepis,doratonotus megalepis,Wrasse,Labridae,
TWA,0325,Eelgrass Blenny,Stathmonotus stahli,stathmonotus stahli,"Blenny - Pike, tube, and flag",Chaenopsidae,
TWA,0363,Emerald Clingfish,Acyrtops beryllinus,acyrtops beryllinus,Clingfish,Gobiesocidae,
TWA,0488,Emerald Parrotfish,Nicholsina usta usta,nicholsina usta,Parrotfish,Scaridae,
TWA,0771,Emperor Angelfish (exotic),Pomacanthus imperator,pomacanthus imperator,Angelfish,Pomacanthidae,
TWA,0868,Erect Goby,Microgobius erectus,microgobius erectus,Goby,Gobiidae,
TWA,0422,Exuma Goby,Elacatinus atronasum,elacatinus atronasum,Goby,Gobiidae,
TWA,0073,Eyed Flounder,Bothus ocellatus,bothus ocellatus,Flounder,Bothidae,
TWA,0010,Fairy Basslet,Gramma loreto,gramma loreto,Basslet,Grammatidae,
TWA,1082,Falcon (Red Banner) Blenny,Emblemariopsis falcon,emblemariopsis falcon,"Blenny - Pike, tube, and flag",Chaenopsidae,
TWA,1053,False Moray,Kaupichthys hyoproroides,kaupichthys hyoproroides,False Moray Eels,Chlopsidae,
TWA,0803,False Pilchard,Harengula clupeola,harengula clupeola,"Silvery Fishes - Silversides, Herrings, and Anchovies","Atherinidae, Clupeidae, and Engraulidae",
TWA,0480,Fantail Mullet,Mugil trichodon,mugil trichodon,Mullet,Mugilidae,
TWA,0717,Fawn Cusk Eel,Lepophidium cervinum,lepophidium cervinum,Cusk-eel,Ophidiidae,
TWA,0700,Feather Blenny,Hypsoblennius hentz,hypsoblennius hentz,Blenny - Combtooth,Blenniidae,
TWA,0922,Featherduster Blenny,Hypleurochilus multifilis,hypleurochilus multifilis,Blenny - Combtooth,Blenniidae,
TWA,0804,Filament Blenny,Emblemaria hyltoni,emblemaria hyltoni,"Blenny - Pike, tube, and flag",Chaenopsidae,
TWA,0880,Finetooth Shark,Carcharhinus isodon,carcharhinus isodon,Requiem Shark,Carcharhinidae,
TWA,0681,Flabby Sole,Gymnachirus nudus,gymnachirus nudus,Sole (American),Achiridae,
TWA,0476,Flagfin Mojarra,Eucinostomus melanopterus,eucinostomus melanopterus,Mojarra,Gerreidae,
TWA,0301,Flameback Angelfish,Centropyge aurantonotus,centropyge aurantonotus,Angelfish,Pomacanthidae,
TWA,0039,Flamefish,Apogon maculatus,apogon maculatus,Cardinalfish,Apogonidae,
TWA,0484,Flat Needlefish,Ablennes hians,ablennes hians,Needlefish,Belonidae,
TWA,0917,Florida Barred Hamlet,Hypoplectrus floridae,hypoplectrus floridae,Seabass,Serranidae,
TWA,0882,Florida Blenny,Chasmodes saburrae,chasmodes saburrae,Blenny - Combtooth,Blenniidae,
TWA,0455,Florida Pompano,Trachinotus carolinus,trachinotus carolinus,Jack,Carangidae,
TWA,0959,Florida Smoothhead Glass Blenny,Emblemariopsis diaphana,emblemariopsis diaphana,"Blenny - Pike, tube, and flag",Chaenopsidae,
TWA,0225,Flying Gurnard,Dactylopterus volitans,dactylopterus volitans,Flying Gurnard,Dactylopteridae,
TWA,1103,Forked-bar Blenny,Starksia y-lineata,starksia y,Blenny - Labrisomids,Labrisomidae,
TWA,0725,Four Spot Flounder,Paralichthys oblongus,paralichthys oblongus,Flounder,Bothidae,
TWA,0704,Fourbeard Rockling,Enchelyopus cimbrius,enchelyopus cimbrius,Cod,Gadidae,
TWA,0031,Foureye Butterflyfish,Chaetodon capistratus,chaetodon capistratus,Butterflyfish,Chaetodontidae,
TWA,0966,Fourspot Parrotfish,Scarus zelindae,scarus zelindae,Parrotfish,Scaridae,
TWA,0618,Freckled Blenny,Hypsoblennius ionthas,hypsoblennius ionthas,Blenny - Combtooth,Blenniidae,
TWA,0355,Freckled Cardinalfish,Phaeoptyx conklini,phaeoptyx conklini,Cardinalfish,Apogonidae,
TWA,0564,Freckled Soapfish,Rypticus bistrispinus,rypticus bistrispinus,Soapfishes,Grammistidae,
TWA,0948,Frecklefin Goby,Tigrigobius gemmatus,tigrigobius gemmatus,Goby,Gobiidae,
TWA,0003,French Angelfish,Pomacanthus paru,pomacanthus paru,Angelfish,Pomacanthidae,
TWA,0108,French Grunt,Haemulon flavolineatum,haemulon flavolineatum,Grunt,Haemulidae,
TWA,1078,Freshwater Gregory,Stegastes otophorus,stegastes otophorus,Damselfish,Pomacentridae,
TWA,1137,Frigate Mackerel,Auxis thazard,auxis thazard,Mackerel,Scombridae,
TWA,0423,Frillfin Goby,Bathygobius soporator,bathygobius soporator,Goby,Gobiidae,
TWA,0962,Fringed / Planehead / Pygmy Filefish Complex,Monacanthus ciliatus / Stephanolepis hispida /  Stephanolepis setifer,monacanthus ciliatus,Filefish,Monacanthidae,
TWA,0802,Gafttopsail Sea Catfish,Bagre marinus,bagre marinus,Sea Catfishes,Ariidae,
TWA,0094,Gag,Mycteroperca microlepis,mycteroperca microlepis,Seabass,Serranidae,
TWA,0638,Giraffe Garden Eel,Heteroconger camelopardalis,heteroconger camelopardalis,Conger,Congridae,
TWA,0551,Glass Blenny,Coralliozetus diaphanus,coralliozetus diaphanus,"Blenny - Pike, tube, and flag",Chaenopsidae,
TWA,0012,Glasseye Snapper (Atlantic),Heteropriacanthus cruentatus,heteropriacanthus cruentatus,Bigeye,Priacanthidae,
TWA,0236,Glassy Sweeper,Pempheris schomburgkii,pempheris schomburgkii,Sweeper,Pempheridae,
TWA,0933,Glover's Reef Toadfish,Vladichthys gloverensis,vladichthys gloverensis,Toadfish,Batrachoididae,
TWA,0924,Goatee Blenny,Paraclinus barbatus,paraclinus barbatus,Blenny - Labrisomids,Labrisomidae,
TWA,0990,Golden Fairy Basslet,Gramma dejongi,gramma dejongi,Basslet,Grammatidae,
TWA,0122,Golden Hamlet,Hypoplectrus gummigutta,hypoplectrus gummigutta,Seabass,Serranidae,
TWA,0617,Golden Smooth Trunkfish,Lactophrys triqueter,lactophrys triqueter,Boxfish,Ostraciidae,
TWA,0062,Goldentail Moray,Gymnothorax miliaris,gymnothorax miliaris,Moray,Muraenidae,
TWA,0876,Goldface Toby,Canthigaster jamestyleri,canthigaster jamestyleri,Puffer,Tetraodontidae,
TWA,0326,Goldline Blenny,Malacoctenus aurolineatus,malacoctenus aurolineatus,Blenny - Labrisomids,Labrisomidae,
TWA,0081,Goldspot Goby,Gnatholepis thompsoni,gnatholepis thompsoni,Goby,Gobiidae,
TWA,0388,Goldspotted Eel,Myrichthys ocellatus,myrichthys ocellatus,Snake Eel,Ophichthidae,
TWA,0680,Goldspotted Killifish,Floridichthys carpio,floridichthys carpio,Killifish,Cyprinodontidae,
TWA,0096,Goliath Grouper,Epinephelus itajara,epinephelus itajara,Seabass,Serranidae,
TWA,0762,Goosefish,Lophius americanus,lophius americanus,Goosefish,Lophiidae,
TWA,0697,Goosehead Scorpionfish,Scorpaena bergii,scorpaena bergii,Scorpionfish,Scorpaenidae,
TWA,0871,Grass Porgy,Calamus arctifrons,calamus arctifrons,Porgy,Sparidae,
TWA,0004,Gray Angelfish,Pomacanthus arcuatus,pomacanthus arcuatus,Angelfish,Pomacanthidae,
TWA,0192,Gray Snapper,Lutjanus griseus,lutjanus griseus,Snapper,Lutjanidae,
TWA,0208,Gray Triggerfish,Balistes capriscus,balistes capriscus,Triggerfish,Balistidae,
TWA,0095,Graysby,Cephalopholis cruentata,cephalopholis cruentata,Seabass,Serranidae,
TWA,0007,Great Barracuda,Sphyraena barracuda,sphyraena barracuda,Barracuda,Sphyraenidae,
TWA,0548,Great Hammerhead,Sphyrna mokarran,sphyrna mokarran,Hammerhead Shark,Sphyrnidae,
TWA,0136,Greater Amberjack,Seriola dumerili,seriola dumerili,Jack,Carangidae,
TWA,0234,Greater Soapfish,Rypticus saponaceus,rypticus saponaceus,Soapfishes,Grammistidae,
TWA,0063,Green Moray,Gymnothorax funebris,gymnothorax funebris,Moray,Muraenidae,
TWA,0173,Green Razorfish,Xyrichtys splendens,xyrichtys splendens,Wrasse,Labridae,
TWA,0661,Green Sea Turtle,Chelonia mydas,chelonia mydas,Sea Turtles,Cheloniidae,
TWA,0976,Greenback (aka Greenlip) Parrotfish,Scarus trispinosus,scarus trispinosus,Parrotfish,Scaridae,
TWA,0424,Greenbanded Goby,Tigrigobius multifasciatus,tigrigobius multifasciatus,Goby,Gobiidae,
TWA,0607,Greenbanded Wrasse,Halichoeres bathyphilus,halichoeres bathyphilus,Wrasse,Labridae,
TWA,0147,Greenblotch Parrotfish,Sparisoma atomarium,sparisoma atomarium,Parrotfish,Scaridae,
TWA,0746,Grubby Sculpin,Myoxocephalus aenaeus,myoxocephalus aenaeus,Sculpin,Cottidae,
TWA,0302,Guaguanche,Sphyraena guachancho,sphyraena guachancho,Barracuda,Sphyraenidae,
TWA,0074,Gulf Flounder,Paralichthys albigutta,paralichthys albigutta,Flounder,Bothidae,
TWA,1112,Gulf Kingfish,Menticirrhus littoralis,menticirrhus littoralis,Drum,Sciaenidae,
TWA,0679,Gulf Pipefish,Syngnathus scovelli,syngnathus scovelli,Pipefish and Seahorse,Syngnathidae,
TWA,0574,Gulf Toadfish,Opsanus beta,opsanus beta,Toadfish,Batrachoididae,
TWA,0705,Haddock,Melanogrammus aeglefinus,melanogrammus aeglefinus,Cod,Gadidae,
TWA,0938,Hairy Blenny (actual species; not complex),Labrisomus nuchipinnis,labrisomus nuchipinnis,Blenny - Labrisomids,Labrisomidae,
TWA,0405,Halfbeak,Hyporhamphus unifasciatus,hyporhamphus unifasciatus,Halfbeak,Hemiramphidae,
TWA,1074,Hardhead Sea Catfish,Ariopsis felis,ariopsis felis,Sea Catfishes,Ariidae,
TWA,0888,Hardhead Silverside,Atherinomorus stipes,atherinomorus stipes,"Silvery Fishes - Silversides, Herrings, and Anchovies","Atherinidae, Clupeidae, and Engraulidae",
TWA,0490,Harlequin / Banded Pipefish,Micrognathus crinitus,micrognathus crinitus,Pipefish and Seahorse,Syngnathidae,
TWA,0181,Harlequin Bass,Serranus tigrinus,serranus tigrinus,Seabass,Serranidae,
TWA,0926,Harvestfish,Peprilus paru,peprilus paru,Butterfishes,Stromateidae,
TWA,0656,Hawksbill Sea Turtle,Eretmochelys imbricata,eretmochelys imbricata,Sea Turtles,Cheloniidae,
TWA,0303,Heliotrope Basslet,Lipogramma klayi,lipogramma klayi,Basslet,Grammatidae,
TWA,0654,Highfin (Red Banner) Blenny (pka Red Banner Blenny),Emblemariopsis tayrona (prev E. ramirezi),emblemariopsis tayrona,"Blenny - Pike, tube, and flag",Chaenopsidae,
TWA,1090,Highfin Blenny,Lupinoblennius nicholsi,lupinoblennius nicholsi,"Blenny - Pike, tube, and flag",Chaenopsidae,
TWA,1054,Highfin Goby,Gobionellus oceanicus,gobionellus oceanicus,Goby,Gobiidae,
TWA,0056,Highhat,Pareques acuminatus / Pareques lineatus,pareques acuminatus,Drum,Sciaenidae,
TWA,0726,Hogchoker,Trinectes maculatus,trinectes maculatus,Sole,Soleidae,
TWA,0130,Hogfish,Lachnolaimus maximus,lachnolaimus maximus,Wrasse,Labridae,
TWA,0025,Honeycomb Cowfish,Acanthostracion polygonius,acanthostracion polygonius,Boxfish,Ostraciidae,
TWA,0384,Honeycomb Moray,Gymnothorax saxicola,gymnothorax saxicola,Moray,Muraenidae,
TWA,0969,Horned Blenny,Paraclinus grandicomis,paraclinus grandicomis,Blenny - Labrisomids,Labrisomidae,
TWA,0899,Hornless (Red Banner) Blenny,Emblemariopsis randalli,emblemariopsis randalli,"Blenny - Pike, tube, and flag",Chaenopsidae,
TWA,0137,Horse-eye Jack,Caranx latus,caranx latus,Jack,Carangidae,
TWA,0227,Houndfish,Tylosurus crocodilus crocodilus,tylosurus crocodilus,Needlefish,Belonidae,
TWA,0082,Hovering Dartfish (Hovering Goby),Ptereleotris helenae,ptereleotris helenae,Dartfish,Ptereleotridae,
TWA,0129,Hybrid Hamlet,Hypoplectrus (Hybrid),hypoplectrus,Seabass,Serranidae,
TWA,0327,Imitator Blenny,Malacoctenus erdmani,malacoctenus erdmani,Blenny - Labrisomids,Labrisomidae,
TWA,0123,Indigo Hamlet,Hypoplectrus indigo,hypoplectrus indigo,Seabass,Serranidae,
TWA,0470,Inshore Lizardfish,Synodus foetens,synodus foetens,Lizardfish,Synodontidae,
TWA,1128,Insular Pipefish,Anarchopterus tectus,anarchopterus tectus,Pipefish and Seahorse,Syngnathidae,
TWA,0612,Irish Pompano,Diapterus auratus,diapterus auratus,Mojarra,Gerreidae,
TWA,0676,Island Frillfin,Bathygobius mystacium,bathygobius mystacium,Goby,Gobiidae,
TWA,0408,Island Frogfish,Antennarius bermudensis,antennarius bermudensis,Frogfish,Antennariidae,
TWA,0867,Island Goby,Lythrypnus nesiotes,lythrypnus nesiotes,Goby,Gobiidae,
TWA,0057,Jackknife-Fish,Eques lanceolatus,eques lanceolatus,Drum,Sciaenidae,
TWA,0875,Jaggedhead (aka Devil or Whitecheek) Blenny,Acanthemblemaria johnsoni,acanthemblemaria johnsoni,"Blenny - Pike, tube, and flag",Chaenopsidae,
TWA,0825,Jarocho Goby,Elacatinus jarocho,elacatinus jarocho,Goby,Gobiidae,
TWA,1056,Jarocho Hamlet,Hypoplectrus atlahua,hypoplectrus atlahua,Seabass,Serranidae,
TWA,0157,Jolthead Porgy,Calamus bajonado,calamus bajonado,Porgy,Sparidae,
TWA,0485,Keeltail Needlefish,Platybelone argalus argalus,platybelone argalus,Needlefish,Belonidae,
TWA,0659,Kemp's Ridley Sea Turtle,Lepidochelys kempii,lepidochelys kempii,Sea Turtles,Cheloniidae,
TWA,0628,Key Brotula,Ogilbia cayorum,ogilbia cayorum,Viviparous Brotula,Bythitidae,
TWA,0691,Key Worm Eel,Ahlia egmontis,ahlia egmontis,Snake Eel,Ophichthidae,
TWA,0473,King Mackerel,Scomberomorus cavalla,scomberomorus cavalla,Mackerel,Scombridae,
TWA,0497,Knobbed Porgy,Calamus nodosus,calamus nodosus,Porgy,Sparidae,
TWA,0909,Kuna Goby,Coryphopterus kuna,coryphopterus kuna,Goby,Gobiidae,
TWA,0348,Ladyfish,Elops saurus,elops saurus,Tarpon,Elopidae,
TWA,1081,Lancer (Red Banner) Blenny,Emblemariopsis lancea,emblemariopsis lancea,"Blenny - Pike, tube, and flag",Chaenopsidae,
TWA,0223,Lancer Dragonet,Paradiplogrammus bairdi,paradiplogrammus bairdi,Dragonet,Callionymidae,
TWA,0854,Lancetail Wormfish,Microdesmus lanceolatus,microdesmus lanceolatus,Wormfish,Microdesmidae,
TWA,0193,Lane Snapper,Lutjanus synagris,lutjanus synagris,Snapper,Lutjanidae,
TWA,0182,Lantern Bass,Serranus baldwini,serranus baldwini,Seabass,Serranidae,
TWA,0575,Large Eye Toadfish (Estuarine Species Only),Batrachoides gilberti,batrachoides gilberti,Toadfish,Batrachoididae,
TWA,0857,Large-tooth Sawfish,Pristis perotteti,pristis perotteti,Sawfish,Pristidae,
TWA,0446,Latin Grunt,Haemulon steindachneri,haemulon steindachneri,Grunt,Haemulidae,
TWA,0658,Leatherback Sea Turtle,Dermochelys coriacea,dermochelys coriacea,Leatherback Sea Turtle,Dermochelyidae,
TWA,0897,Lemon Goby,Vomerogobius flavus,vomerogobius flavus,Goby,Gobiidae,
TWA,0554,Lemon Shark,Negaprion brevirostris,negaprion brevirostris,Requiem Shark,Carcharhinidae,
TWA,0425,Leopard Goby,Tigrigobius saucras,tigrigobius saucras,Goby,Gobiidae,
TWA,0605,Leopard Searobin,Prionotus scitulus,prionotus scitulus,Searobin,Triglidae,
TWA,0578,Leopard Toadfish,Opsanus pardus,opsanus pardus,Toadfish,Batrachoididae,
TWA,0465,Lesser Amberjack,Seriola fasciata,seriola fasciata,Jack,Carangidae,
TWA,0515,Lesser Devil Ray (aka Atlantic Devil Ray),Mobula hypostoma,mobula hypostoma,Manta,Mobulidae,
TWA,0169,Lesser Electric Ray,Narcine bancroftii,narcine bancroftii,Electric Ray,Torpedinidae,
TWA,0491,Lined Seahorse,Hippocampus erectus,hippocampus erectus,Pipefish and Seahorse,Syngnathidae,
TWA,0782,Lined Sole,Achirus lineatus,achirus lineatus,Sole (American),Achiridae,
TWA,0416,Linesnout Goby,Elacatinus lori,elacatinus lori,Goby,Gobiidae,
TWA,0646,Lipstick surgeonfish (exotic),Naso lituratus,naso lituratus,Surgeonfish,Acanthuridae,
TWA,0755,Little Skate,Leucoraja erinacea,leucoraja erinacea,Skate,Rajidae,
TWA,0599,Little Tunny,Euthynnus alletteratus,euthynnus alletteratus,Mackerel,Scombridae,
TWA,0158,Littlehead Porgy,Calamus proridens,calamus proridens,Porgy,Sparidae,
TWA,0894,Littlescale Threadfin,Polydactylus oligodon,polydactylus oligodon,Threadfin,Polynemidae,
TWA,0957,Liza Mullet,Mugil liza,mugil liza,Mullet,Mugilidae,
TWA,0343,Lofty Triplefin,Enneanectes altivelis,enneanectes altivelis,Triplefin (Blenny),Tripterygiidae,
TWA,0657,Loggerhead Sea Turtle,Caretta caretta,caretta caretta,Sea Turtles,Cheloniidae,
TWA,0965,Long-Spined Sea Urchin,Diadema antillarum,diadema antillarum,Sea Urchin,Diadematidae,
TWA,0328,Longfin Blenny,Labrisomus haitiensis,labrisomus haitiensis,Blenny - Labrisomids,Labrisomidae,
TWA,0051,Longfin Damselfish,Stegastes diencaeus,stegastes diencaeus,Damselfish,Pomacentridae,
TWA,0312,Longhorn Blenny,Hypsoblennius exstochilus,hypsoblennius exstochilus,Blenny - Combtooth,Blenniidae,
TWA,0747,Longhorn Sculpin,Myoxocephalus octodecemspinosus,myoxocephalus octodecemspinosus,Sculpin,Cottidae,
TWA,0200,Longjaw Squirrelfish,Neoniphon marianus,neoniphon marianus,Squirrelfish,Holocentridae,
TWA,0224,Longlure Frogfish,Antennarius multiocellatus,antennarius multiocellatus,Frogfish,Antennariidae,
TWA,0956,Longnose Batfish,Ogcocephalus corniger,ogcocephalus corniger,Batfish,Ogcocephalidae,
TWA,1108,Longnose Stingray,Hypanus guttatus,hypanus guttatus,Stingray,Dasyatidae,
TWA,0032,Longsnout Butterflyfish,Chaetodon aculeatus,chaetodon aculeatus,Butterflyfish,Chaetodontidae,
TWA,0492,Longsnout Seahorse,Hippocampus reidi,hippocampus reidi,Pipefish and Seahorse,Syngnathidae,
TWA,0615,Longspine Porgy,Stenotomus caprinus,stenotomus caprinus,Porgy,Sparidae,
TWA,0201,Longspine Squirrelfish,Holocentrus rufus,holocentrus rufus,Squirrelfish,Holocentridae,
TWA,0456,Lookdown,Selene vomer,selene vomer,Jack,Carangidae,
TWA,0764,Lumpfish,Cyclopterus lumpus,cyclopterus lumpus,Lumpfish & Snailfish,Cyclopteridae,
TWA,1115,Lutz' Stingray (Brazil only),Hypanus berthalutzae,hypanus berthalutzae,Stingray,Dasyatidae,
TWA,0785,M. meeki,Microgobius meeki,microgobius meeki,Goby,Gobiidae,
TWA,0457,Mackerel Scad,Decapterus macarellus,decapterus macarellus,Jack,Carangidae,
TWA,0688,Maculated Flounder,Bothus maculiferus,bothus maculiferus,Flounder,Bothidae,
TWA,0851,Madmango Sea Catfish,Cathorops spixii,cathorops spixii,Sea Catfishes,Ariidae,
TWA,0373,Mahi Mahi / Dolphin / Dorado,Coryphaena hippurus,coryphaena hippurus,Dolphinfish,Coryphaenidae,
TWA,1123,Mahogany Goby,Lythrypnus crocodilus,lythrypnus crocodilus,Goby,Gobiidae,
TWA,0194,Mahogany Snapper,Lutjanus mahogoni,lutjanus mahogoni,Snapper,Lutjanidae,
TWA,0589,Man-of-war Fish,Nomeus gronovii,nomeus gronovii,Butterfishes,Stromateidae,
TWA,0886,Mangrove Gambusia,Gambusia rhizophorae,gambusia rhizophorae,Mosquitofish,Poeciliidae,
TWA,1144,Manyscaled Blenny,Starksia multilepis,starksia multilepis,Blenny - Labrisomids,Labrisomidae,
TWA,0380,Manytooth Conger,Conger triporiceps,conger triporiceps,Conger,Congridae,
TWA,0668,Marbled Blenny,Paraclinus marmoratus,paraclinus marmoratus,Blenny - Labrisomids,Labrisomidae,
TWA,0439,Marbled Grouper,Dermatolepis inermis,dermatolepis inermis,Seabass,Serranidae,
TWA,1119,Marbled Moray,Uropterygius macularius,uropterygius macularius,Moray,Muraenidae,
TWA,0506,Marbled Puffer,Sphoeroides dorsalis,sphoeroides dorsalis,Puffer,Tetraodontidae,
TWA,0873,Mardi Gras Wrasse,Halichoeres burekae,halichoeres burekae,Wrasse,Labridae,
TWA,0674,Margintail Conger,Paraconger caudilimbatus,paraconger caudilimbatus,Conger,Congridae,
TWA,0083,Masked Goby/Glass Goby,Coryphopterus personatus/hyalinus,coryphopterus personatus,Goby,Gobiidae,
TWA,0124,Masked Hamlet,Hypoplectrus providencianus,hypoplectrus providencianus,Seabass,Serranidae,
TWA,0937,Masquerader Hairy Blenny,Labrisomus conditus,labrisomus conditus,Blenny - Labrisomids,Labrisomidae,
TWA,0951,Matador Triplefin,Enneanectes matador,enneanectes matador,Triplefin (Blenny),Tripterygiidae,
TWA,1025,Maya Hamlet,Hypoplectrus maya,hypoplectrus maya,Seabass,Serranidae,
TWA,0822,Medusa Blenny,Acanthemblemaria medusa,acanthemblemaria medusa,"Blenny - Pike, tube, and flag",Chaenopsidae,
TWA,0148,Midnight Parrotfish,Scarus coelestinus,scarus coelestinus,Parrotfish,Scaridae,
TWA,0329,Mimic Blenny,Labrisomus guppyi,labrisomus guppyi,Blenny - Labrisomids,Labrisomidae,
TWA,0356,Mimic Cardinalfish,Apogon phenax,apogon phenax,Cardinalfish,Apogonidae,
TWA,0344,Mimic Triplefin,Enneanectes jordani,enneanectes jordani,Triplefin (Blenny),Tripterygiidae,
TWA,0406,Mirrorwing Flyingfish,Hirundichthys speculiger,hirundichthys speculiger,Flyingfish,Exocoetidae,
TWA,0440,Misty Grouper,Epinephelus mystacinus,epinephelus mystacinus,Seabass,Serranidae,
TWA,0939,Mock Blenny,Labrisomus cricota,labrisomus cricota,Blenny - Labrisomids,Labrisomidae,
TWA,0641,Mola mola,Mola mola,mola mola,Molas,Molidae,
TWA,0016,Molly Miller,Scartella cristata,scartella cristata,Blenny - Combtooth,Blenniidae,
TWA,0836,Mosquitofish,Gambusia affinis,gambusia affinis,Mosquitofish,Poeciliidae,
TWA,1066,Moth Blenny,Ekemblemaria nigra,ekemblemaria nigra,"Blenny - Pike, tube, and flag",Chaenopsidae,
TWA,0464,Mottled Jawfish,Opistognathus maxillosus,opistognathus maxillosus,Jawfish,Opistognathidae,
TWA,0477,Mottled Mojarra,Eucinostomus lefroyi,eucinostomus lefroyi,Mojarra,Gerreidae,
TWA,0783,Moustache Jawfish,Opistognathus lonchurus,opistognathus lonchurus,Jawfish,Opistognathidae,
TWA,0739,Mummichog,Fundulus heteroclitus heteroclitus,fundulus heteroclitus,Killifish,Cyprinodontidae,
TWA,0525,Mushroom Scorpionfish,Scorpaena inermis,scorpaena inermis,Scorpionfish,Scorpaenidae,
TWA,0535,Mutton Hamlet,Alphestes afer,alphestes afer,Seabass,Serranidae,
TWA,0195,Mutton Snapper,Lutjanus analis,lutjanus analis,Snapper,Lutjanidae,
TWA,1005,Naked Sole,Gymnachirus melas,gymnachirus melas,Sole (American),Achiridae,
TWA,0097,Nassau Grouper,Epinephelus striatus,epinephelus striatus,Seabass,Serranidae,
TWA,0084,Neon Goby,Elacatinus oceanops,elacatinus oceanops,Goby,Gobiidae,
TWA,1122,Nicaragua Mosquitofish,Gambusia nicaraguensis,gambusia nicaraguensis,Mosquitofish,Poeciliidae,
TWA,1063,Nicaragua Yellowprow Goby,Elacatinus xanthiprora,elacatinus xanthiprora,Goby,Gobiidae,
TWA,0372,Night Sergeant,Abudefduf taurus,abudefduf taurus,Damselfish,Pomacentridae,
TWA,0426,Nineline Goby,Ginsburgellus novemlineatus,ginsburgellus novemlineatus,Goby,Gobiidae,
TWA,1019,Noronha Blenny,Scartella itajobi,scartella itajobi,Blenny - Labrisomids,Labrisomidae,
TWA,1016,Noronha Cleaner Goby,Elacatinus phthirophagus,elacatinus phthirophagus,Goby,Gobiidae,
TWA,1142,Noronha Clingfish,Acyrtus pauciradiatus,acyrtus pauciradiatus,Clingfish,Gobiesocidae,
TWA,1148,Noronha Dwarf Goby,Lythrypnus sp.D,lythrypnus sp.d,Goby,Gobiidae,
TWA,1149,Noronha Frillfin Goby,Bathygobius brasiliensis,bathygobius brasiliensis,Goby,Gobiidae,
TWA,1140,Noronha Saddled Blenny,Malacoctenus lianae,malacoctenus lianae,Blenny - Labrisomids,Labrisomidae,
TWA,0815,Noronha Wrasse,Thalassoma noronhanum,thalassoma noronhanum,Wrasse,Labridae,
TWA,0008,Northern / Southern Sennet,Sphyraena borealis/picudilla,sphyraena borealis,Barracuda,Sphyraenidae,
TWA,0774,Northern Kingcroaker,Menticirrhus saxatilis,menticirrhus saxatilis,Drum,Sciaenidae,
TWA,0766,Northern Pipefish,Syngnathus fuscus,syngnathus fuscus,Pipefish and Seahorse,Syngnathidae,
TWA,0767,Northern Puffer,Sphoeroides maculatus,sphoeroides maculatus,Puffer,Tetraodontidae,
TWA,0718,Northern Sand Lance,Ammodytes dubius,ammodytes dubius,Sand Lance,Ammodytidae,
TWA,0748,Northern Searobin,Prionotus carolinus,prionotus carolinus,Searobin,Triglidae,
TWA,0569,Northern Stargazer,Astroscopus guttatus,astroscopus guttatus,Stargazer,Uranoscopidae,
TWA,0852,Notchtongue Goby,Bathygobius curacao,bathygobius curacao,Goby,Gobiidae,
TWA,0187,Nurse Shark,Ginglymostoma cirratum,ginglymostoma cirratum,Carpet Shark,Ginglymostomatidae,
TWA,0719,Ocean Pout,Macrozoarces americanus,macrozoarces americanus,Eelpout,Zoarcidae,
TWA,0206,Ocean Surgeonfish,Acanthurus tractus,acanthurus tractus,Surgeonfish,Acanthuridae,
TWA,0209,Ocean Triggerfish,Canthidermis sufflamen,canthidermis sufflamen,Triggerfish,Balistidae,
TWA,0514,Oceanic Manta Ray,Mobula birostris,mobula birostris,Manta,Mobulidae,
TWA,0555,Oceanic Whitetip Shark,Carcharhinus longimanus,carcharhinus longimanus,Requiem Shark,Carcharhinidae,
TWA,0398,Ocellated Flounder,Paralichthys ommatus,paralichthys ommatus,Flounder,Bothidae,
TWA,0409,Ocellated Frogfish,Antennarius ocellatus,antennarius ocellatus,Frogfish,Antennariidae,
TWA,0673,Ocellated Tonguefish,Symphurus ommaspilus,symphurus ommaspilus,Tonguefishes,Cynoglossidae,
TWA,0357,Oddscale Cardinalfish,Apogon evermanni,apogon evermanni,Cardinalfish,Apogonidae,
TWA,0660,Olive Ridley Sea Turtle,Lepidochelys olivacea,lepidochelys olivacea,Sea Turtles,Cheloniidae,
TWA,0994,Onespot Rabbitfish (exotic),Siganus unimaculatus,siganus unimaculatus,Rabbitfish,Siganidae,
TWA,0684,Onestripe Eel,Aprognathodon platyventris,aprognathodon platyventris,Snake Eel,Ophichthidae,
TWA,0828,Opossum Pipefish,Microphis brachyurus,microphis brachyurus,Pipefish and Seahorse,Syngnathidae,
TWA,0068,Orange Filefish,Aluterus schoepfii,aluterus schoepfii,Filefish,Monacanthidae,
TWA,1061,Orange-spotted Clingfish,Acyrtus lanthanum,acyrtus lanthanum,Clingfish,Gobiesocidae,
TWA,0536,Orangeback Bass,Serranus annularis,serranus annularis,Seabass,Serranidae,
TWA,0085,Orangesided Goby,Tigrigobius dilepis,tigrigobius dilepis,Goby,Gobiidae,
TWA,0694,Orangespotted Blenny,Hypleurochilus springeri,hypleurochilus springeri,Blenny - Combtooth,Blenniidae,
TWA,0069,Orangespotted Filefish,Cantherhines pullus,cantherhines pullus,Filefish,Monacanthidae,
TWA,0427,Orangespotted Goby,Nes longus,nes longus,Goby,Gobiidae,
TWA,0631,Orbicular Batfish (Exotic),Platax orbicularis,platax orbicularis,Spadefish,Ephippidae,
TWA,0580,Oyster Toadfish,Opsanus tau,opsanus tau,Toadfish,Batrachoididae,
TWA,0953,Padded Clingfish,Arcos macrophthalmus,arcos macrophthalmus,Clingfish,Gobiesocidae,
TWA,0787,Painted Wrasse,Halichoeres caudalis,halichoeres caudalis,Wrasse,Labridae,
TWA,0358,Pale Cardinalfish,Apogon planifrons,apogon planifrons,Cardinalfish,Apogonidae,
TWA,1052,Paleback Goby,Gobulus myersi,gobulus myersi,Goby,Gobiidae,
TWA,0330,Palehead Blenny,Labrisomus gobio,labrisomus gobio,Blenny - Labrisomids,Labrisomidae,
TWA,1071,Palette Surgeonfish (exotic),Paracanthurus hepatus,paracanthurus hepatus,Surgeonfish,Acanthuridae,
TWA,0086,Pallid Goby,Coryphopterus eidolon,coryphopterus eidolon,Goby,Gobiidae,
TWA,0138,Palometa,Trachinotus goodei,trachinotus goodei,Jack,Carangidae,
TWA,0307,Pancake Batfish,Halieutichthys aculeatus,halieutichthys aculeatus,Batfish,Ogcocephalidae,
TWA,0891,Panther Grouper (exotic),Cromileptes altivelis,cromileptes altivelis,Seabass,Serranidae,
TWA,0364,Papillate Clingfish,Acyrtus artius,acyrtus artius,Clingfish,Gobiesocidae,
TWA,0331,Papillose Blenny,Acanthemblemaria chaplini,acanthemblemaria chaplini,"Blenny - Pike, tube, and flag",Chaenopsidae,
TWA,0895,Patch-Reef Goby (part of Bridled Goby Complex),Coryphopterus tortugae,coryphopterus tortugae,Goby,Gobiidae,
TWA,0075,Peacock Flounder,Bothus lunatus,bothus lunatus,Flounder,Bothidae,
TWA,0860,Peacock Grouper (exotic),Cephalopholis argus,cephalopholis argus,Seabass,Serranidae,
TWA,0313,Pearl Blenny,Entomacrodus nigricans,entomacrodus nigricans,Blenny - Combtooth,Blenniidae,
TWA,0590,Pearlfish,Carapus bermudensis,carapus bermudensis,Carapuds,Carapidae,
TWA,0174,Pearly Razorfish,Xyrichtys novacula,xyrichtys novacula,Wrasse,Labridae,
TWA,0794,Pennant Coralfish,Heniochus acuminatus,heniochus acuminatus,Butterflyfish,Chaetodontidae,
TWA,0183,Peppermint Basslet,Liopropoma rubre,liopropoma rubre,Basslet / Seabass,Liopropomatinae,
TWA,0087,Peppermint Goby,Coryphopterus lipernes,coryphopterus lipernes,Goby,Gobiidae,
TWA,0139,Permit,Trachinotus falcatus,trachinotus falcatus,Jack,Carangidae,
TWA,0447,Pigfish,Orthopristis chrysoptera,orthopristis chrysoptera,Grunt,Haemulidae,
TWA,0458,Pilot Fish,Naucrates ductor,naucrates ductor,Jack,Carangidae,
TWA,0498,Pinfish,Lagodon rhomboides,lagodon rhomboides,Porgy,Sparidae,
TWA,0493,Pipehorse,Amphelikturus dendriticus,amphelikturus dendriticus,Pipefish and Seahorse,Syngnathidae,
TWA,0332,Pirate Blenny,Emblemaria piratula,emblemaria piratula,"Blenny - Pike, tube, and flag",Chaenopsidae,
TWA,0393,Planehead Filefish,Stephanolepis hispida,stephanolepis hispida,Filefish,Monacanthidae,
TWA,0159,Pluma,Calamus pennatula,calamus pennatula,Porgy,Sparidae,
TWA,0176,Plumed Scorpionfish,Scorpaena grandicornis,scorpaena grandicornis,Scorpionfish,Scorpaenidae,
TWA,0308,Polka-dot Batfish,Ogcocephalus cubifrons,ogcocephalus cubifrons,Batfish,Ogcocephalidae,
TWA,0706,Pollock,Pollachius virens,pollachius virens,Cod,Gadidae,
TWA,0374,Pompano Dolphin,Coryphaena equisietis,coryphaena equisietis,Dolphinfish,Coryphaenidae,
TWA,0166,Porcupinefish,Diodon hystrix,diodon hystrix,Porcupinefish,Diodontidae,
TWA,0111,Porkfish,Anisotremus virginicus,anisotremus virginicus,Grunt,Haemulidae,
TWA,0149,Princess Parrotfish,Scarus taeniopterus,scarus taeniopterus,Parrotfish,Scaridae,
TWA,0216,Puddingwife,Halichoeres radiatus,halichoeres radiatus,Wrasse,Labridae,
TWA,0333,Puffcheek Blenny,Labrisomus bucciferus,labrisomus bucciferus,Blenny - Labrisomids,Labrisomidae,
TWA,0645,Pugjaw Wormfish,Cerdale floridana,cerdale floridana,Wormfish,Microdesmidae,
TWA,0870,Pugnose Pipefish,Bryx dunckeri,bryx dunckeri,Pipefish and Seahorse,Syngnathidae,
TWA,0044,Purple Reeffish,Chromis scotti,chromis scotti,Damselfish,Pomacentridae,
TWA,0064,Purplemouth Moray,Gymnothorax vicinus,gymnothorax vicinus,Moray,Muraenidae,
TWA,0394,Pygmy Filefish,Stephanolepis setifer,stephanolepis setifer,Filefish,Monacanthidae,
TWA,0786,Pygmy Goby,Lythrypnus minimus,lythrypnus minimus,Goby,Gobiidae,
TWA,0537,Pygmy Sea Bass,Serraniculus pumilio,serraniculus pumilio,Seabass,Serranidae,
TWA,0005,Queen Angelfish,Holacanthus ciliaris,holacanthus ciliaris,Angelfish,Pomacanthidae,
TWA,0150,Queen Parrotfish,Scarus vetula,scarus vetula,Parrotfish,Scaridae,
TWA,0210,Queen Triggerfish,Balistes vetula,balistes vetula,Triggerfish,Balistidae,
TWA,0903,Querimana Silverside,Melanorhinus microps,melanorhinus microps,Neotropical Silversides,Atherinopsidae,
TWA,0334,Quillfin Blenny,Gobioclinus filamentosus,gobioclinus filamentosus,Blenny - Labrisomids,Labrisomidae,
TWA,0640,Racoon Butterflyfish (Exotic),Chaetodon lunula,chaetodon lunula,Butterflyfish,Chaetodontidae,
TWA,0720,Radiated Shanny,Ulvaria subbifurcata,ulvaria subbifurcata,Prickleback,Stichaeidae,
TWA,0151,Rainbow Parrotfish,Scarus guacamaia,scarus guacamaia,Parrotfish,Scaridae,
TWA,0140,Rainbow Runner,Elagatis bipinnulata,elagatis bipinnulata,Jack,Carangidae,
TWA,0745,Rainbow Smelt,Osmerus mordax,osmerus mordax,Smelt,Osmeridae,
TWA,0217,Rainbow Wrasse,Halichoeres pictus,halichoeres pictus,Wrasse,Labridae,
TWA,0872,Rainwater Killifish,Lucania parva,lucania parva,Topminnows and Killifishes,Fundulidae,
TWA,1120,Randall's Soapfish,Rypticus randalli,rypticus randalli,Soapfishes,Grammistidae,
TWA,0796,Red Barbier,Hemanthias vivanus,hemanthias vivanus,Seabass,Serranidae,
TWA,0365,Red Clingfish,Acyrtus rubiginosus,acyrtus rubiginosus,Clingfish,Gobiesocidae,
TWA,0371,Red Cornetfish,Fistularia petimba,fistularia petimba,Cornetfish,Fistulariidae,
TWA,0610,Red Drum,Sciaenops ocellatus,sciaenops ocellatus,Drum,Sciaenidae,
TWA,0414,Red Goatfish,Mullus auratus,mullus auratus,Goatfish,Mullidae,
TWA,0098,Red Grouper,Epinephelus morio,epinephelus morio,Seabass,Serranidae,
TWA,0707,Red Hake,Urophycis chuss,urophycis chuss,Cod,Gadidae,
TWA,0099,Red Hind,Epinephelus guttatus,epinephelus guttatus,Seabass,Serranidae,
TWA,0683,Red Lionfish (exotic),Pterois volitans,pterois volitans,Scorpionfish,Scorpaenidae,
TWA,0471,Red Lizardfish,Synodus synodus,synodus synodus,Lizardfish,Synodontidae,
TWA,0499,Red Porgy,Pagrus pagrus,pagrus pagrus,Porgy,Sparidae,
TWA,0562,Red Snapper,Lutjanus campechanus,lutjanus campechanus,Snapper,Lutjanidae,
TWA,0905,Red Squirrelfish,Sargocentron hastatum,sargocentron hastatum,Squirrelfish,Holocentridae,
TWA,0152,Redband Parrotfish,Sparisoma aurofrenatum,sparisoma aurofrenatum,Parrotfish,Scaridae,
TWA,0885,Redcheek Goby,Tigrigobius rubrigenis,tigrigobius rubrigenis,Goby,Gobiidae,
TWA,0623,Redear Sardine (Redear Herring),Harengula humeralis,harengula humeralis,"Silvery Fishes - Silversides, Herrings, and Anchovies","Atherinidae, Clupeidae, and Engraulidae",
TWA,0814,Redeye (aka Gray) Parrotfish,Sparisoma axillare,sparisoma axillare,Parrotfish,Scaridae,
TWA,1010,Redeye Mullet,Mugil rubrioculus,mugil rubrioculus,Mullet,Mugilidae,
TWA,0576,Redface Moray,Monopenchelys acuta,monopenchelys acuta,Moray,Muraenidae,
TWA,0486,Redfin Needlefish,Strongylura notata notata,strongylura notata,Needlefish,Belonidae,
TWA,0017,Redlip Blenny,Ophioblennius macclurei,ophioblennius macclurei,Blenny - Combtooth,Blenniidae,
TWA,1018,Redlip Blenny (Brazil),Ophioblennius trinitatis,ophioblennius trinitatis,Blenny - Combtooth,Blenniidae,
TWA,0226,Redspotted Hawkfish,Amblycirrhitus pinos,amblycirrhitus pinos,Hawkfish,Cirrhitidae,
TWA,0154,Redtail Parrotfish,Sparisoma chrysopterum,sparisoma chrysopterum,Parrotfish,Scaridae,
TWA,0459,Redtail Scad,Decapterus tabl,decapterus tabl,Jack,Carangidae,
TWA,1087,Redtooth Triggerfish (non-native),Odonus niger,odonus niger,Triggerfish,Balistidae,
TWA,0538,Reef Bass,Pseudogramma gregoryi,pseudogramma gregoryi,Seabass,Serranidae,
TWA,0033,Reef Butterflyfish,Chaetodon sedentarius,chaetodon sedentarius,Butterflyfish,Chaetodontidae,
TWA,0058,Reef Croaker,Odontoscion dentex,odontoscion dentex,Drum,Sciaenidae,
TWA,0797,Reef Parrotfish,Sparisoma amplum,sparisoma amplum,Parrotfish,Scaridae,
TWA,0177,Reef Scorpionfish,Scorpaenodes caribbaeus,scorpaenodes caribbaeus,Scorpionfish,Scorpaenidae,
TWA,0188,Reef Shark (Caribbean),Carcharhinus perezii,carcharhinus perezii,Requiem Shark,Carcharhinidae,
TWA,0202,Reef Squirrelfish,Holocentrus coruscus,holocentrus coruscus,Squirrelfish,Holocentridae,
TWA,0784,Reef-cave Brotula,Grammonus claudei,grammonus claudei,Viviparous Brotula,Bythitidae,
TWA,0964,Regal Demoiselle (Exotic),Neopomacentrus cyanomos,neopomacentrus cyanomos,Damselfish,Pomacentridae,
TWA,0604,Remora,Remora remora,remora remora,Remora,Echeneidae,
TWA,0665,Resh Pikeblenny,Chaenopsis resh,chaenopsis resh,"Blenny - Pike, tube, and flag",Chaenopsidae,
TWA,0385,Reticulate Moray,Muraena retifera,muraena retifera,Moray,Muraenidae,
TWA,0780,Ribbon Blenny,Emblemaria vitta,emblemaria vitta,"Blenny - Pike, tube, and flag",Chaenopsidae,
TWA,0869,Ridgefin Eel,Callechelys springeri,callechelys springeri,Snake Eel,Ophichthidae,
TWA,0335,Ringed Shy Blenny Complex,Starksia hassi complex,starksia hassi,Blenny - Labrisomids,Labrisomidae,
TWA,0981,Ringneck Blenny (aka Variable Blenny),Parablennius pilicornis,parablennius pilicornis,Blenny - Combtooth,Blenniidae,
TWA,0812,Rocas Gregory,Stegastes rocasensis,stegastes rocasensis,Damselfish,Pomacentridae,
TWA,0006,Rock Beauty,Holacanthus tricolor,holacanthus tricolor,Angelfish,Pomacanthidae,
TWA,0721,Rock Gunnel,Pholis gunnellus,pholis gunnellus,Gunnel,Pholidae,
TWA,0100,Rock Hind,Epinephelus adscensionis,epinephelus adscensionis,Seabass,Serranidae,
TWA,0624,Rock Sea Bass,Centropristis philadelphica,centropristis philadelphica,Seabass,Serranidae,
TWA,0428,Rockcut Goby,Gobiosoma grosvenori,gobiosoma grosvenori,Goby,Gobiidae,
TWA,1020,Rockpool Blenny,Entomacrodus vomerinus,entomacrodus vomerinus,Blenny - Combtooth,Blenniidae,
TWA,0018,Rosy Blenny,Malacoctenus macropus,malacoctenus macropus,Blenny - Labrisomids,Labrisomidae,
TWA,0175,Rosy Razorfish,Xyrichtys martinicensis,xyrichtys martinicensis,Wrasse,Labridae,
TWA,0460,Rough Scad,Trachurus lathami,trachurus lathami,Jack,Carangidae,
TWA,0586,Rough Triggerfish,Canthidermis maculatus,canthidermis maculatus,Triggerfish,Balistidae,
TWA,0306,Roughback Batfish,Ogcocephalus parvus,ogcocephalus parvus,Batfish,Ogcocephalidae,
TWA,0336,Roughhead Blenny,Acanthemblemaria aspera,acanthemblemaria aspera,"Blenny - Pike, tube, and flag",Chaenopsidae,
TWA,0346,Roughhead Triplefin,Enneanectes boehlkei,enneanectes boehlkei,Triplefin (Blenny),Tripterygiidae,
TWA,0359,Roughlip Cardinalfish,Apogon robinsi,apogon robinsi,Cardinalfish,Apogonidae,
TWA,0520,Roughtail Stingray,Dasyatis centroura,dasyatis centroura,Stingray,Dasyatidae,
TWA,0859,Roughtongued Bass,Pronotogrammus martinicensis,pronotogrammus martinicensis,Seabass,Serranidae,
TWA,0461,Round Scad,Decapterus punctatus,decapterus punctatus,Jack,Carangidae,
TWA,0893,Roundel Skate,Raja texana,raja texana,Skate,Rajidae,
TWA,0429,Rusty Goby,Priolepis hipoliti,priolepis hipoliti,Goby,Gobiidae,
TWA,0788,Saddle Bass,Serranus notospilus,serranus notospilus,Seabass,Serranidae,
TWA,1004,Saddle Squirrelfish,Sargocentron poco,sargocentron poco,Squirrelfish,Holocentridae,
TWA,0570,Saddle Stargazer,Gillellus rubrocinctus,gillellus rubrocinctus,Sand Stargazers,Dactyloscopidae,
TWA,0019,Saddled Blenny,Malacoctenus triangulatus,malacoctenus triangulatus,Blenny - Labrisomids,Labrisomidae,
TWA,1017,Saddled Blenny Brazilian Complex,Malacoctenus aff triangulatus species (Brazil),malacoctenus aff,Blenny - Labrisomids,Labrisomidae,
TWA,0686,Saddled Parrotfish,Sparisoma frondosum,sparisoma frondosum,Parrotfish,Scaridae,
TWA,0020,Sailfin Blenny,Emblemaria pandionis,emblemaria pandionis,"Blenny - Pike, tube, and flag",Chaenopsidae,
TWA,0837,Sailfin Molly,Poecilia latipinna,poecilia latipinna,Mosquitofish,Poeciliidae,
TWA,0650,Sailfin tang (exotic),Zebrasoma veliferum,zebrasoma veliferum,Surgeonfish,Acanthuridae,
TWA,0805,Sailfish,Istiophorus platypterus,istiophorus platypterus,Billfishes,Istiophoridae,
TWA,0112,Sailors Choice,Haemulon parra,haemulon parra,Grunt,Haemulidae,
TWA,0230,Sand Diver,Synodus intermedius,synodus intermedius,Lizardfish,Synodontidae,
TWA,0377,Sand Drum,Umbrina coroides,umbrina coroides,Drum,Sciaenidae,
TWA,0184,Sand Perch,Diplectrum formosum,diplectrum formosum,Seabass,Serranidae,
TWA,0571,Sand Stargazer,Dactyloscopus tridigitatus,dactyloscopus tridigitatus,Sand Stargazers,Dactyloscopidae,
TWA,0644,Sand Tiger,Carcharias taurus,carcharias taurus,Sand Tiger (shark),Odontaspididae,
TWA,0238,Sand Tilefish,Malacanthus plumieri,malacanthus plumieri,Tilefish,Malacanthidae,
TWA,0936,Sand-Canyon Goby (part of Bridled Goby Complex),Coryphopterus venezuelae (was C. bol),coryphopterus venezuelae,Goby,Gobiidae,
TWA,0556,Sandbar Shark,Carcharhinus plumbeus,carcharhinus plumbeus,Requiem Shark,Carcharhinidae,
TWA,0581,Sapo,Batrachoides surinamensis,batrachoides surinamensis,Toadfish,Batrachoididae,
TWA,0663,Sapo Bocon,Amphichthys cryptocentrus,amphichthys cryptocentrus,Toadfish,Batrachoididae,
TWA,0664,Sapo Cano,Thalassophryne maculosa,thalassophryne maculosa,Toadfish,Batrachoididae,
TWA,0494,Sargassum Pipefish,Syngnathus pelagicus,syngnathus pelagicus,Pipefish and Seahorse,Syngnathidae,
TWA,0211,Sargassum Triggerfish,Xanthichthys ringens,xanthichthys ringens,Triggerfish,Balistidae,
TWA,0410,Sargassumfish,Histrio histrio,histrio histrio,Frogfish,Antennariidae,
TWA,0160,Saucereye Porgy,Calamus calamus,calamus calamus,Porgy,Sparidae,
TWA,0360,Sawcheek Cardinalfish,Apogon quadrisquamatus,apogon quadrisquamatus,Cardinalfish,Apogonidae,
TWA,0611,Scaled Sardine,Harengula jaguana,harengula jaguana,"Silvery Fishes - Silversides, Herrings, and Anchovies","Atherinidae, Clupeidae, and Engraulidae",
TWA,0549,Scalloped Hammerhead,Sphyrna lewini,sphyrna lewini,Hammerhead Shark,Sphyrnidae,
TWA,0101,Scamp,Mycteroperca phenax,mycteroperca phenax,Seabass,Serranidae,
TWA,0539,School Bass,Schultzea beta,schultzea beta,Seabass,Serranidae,
TWA,0196,Schoolmaster,Lutjanus apodus,lutjanus apodus,Snapper,Lutjanidae,
TWA,0026,Scrawled Cowfish,Acanthostracion quadricornis,acanthostracion quadricornis,Boxfish,Ostraciidae,
TWA,0070,Scrawled Filefish,Aluterus scriptus,aluterus scriptus,Filefish,Monacanthidae,
TWA,0591,Scrawled Sole,Trinectes inscriptus,trinectes inscriptus,Sole,Soleidae,
TWA,0620,Scup,Stenotomus chrysops,stenotomus chrysops,Porgy,Sparidae,
TWA,0500,Sea Bream,Archosargus rhomboidalis,archosargus rhomboidalis,Porgy,Sparidae,
TWA,0750,Sea Raven,Hemitripterus americanus,hemitripterus americanus,Sculpin,Cottidae,
TWA,0021,Seaweed Blenny,Parablennius marmoreus,parablennius marmoreus,Blenny - Combtooth,Blenniidae,
TWA,0934,Secretary Blenny,Acanthemblemaria maria,acanthemblemaria maria,"Blenny - Pike, tube, and flag",Chaenopsidae,
TWA,0430,Seminole Goby,Microgobius carri,microgobius carri,Goby,Gobiidae,
TWA,0052,Sergeant Major,Abudefduf saxatilis,abudefduf saxatilis,Damselfish,Pomacentridae,
TWA,1070,Sharknose / Cleaning Goby Complex Bahamas TCI,Elacatinus evelynae / Elacatinus genie complex,elacatinus evelynae,Goby,Gobiidae,
TWA,0231,Sharksucker,Echeneis naucrates,echeneis naucrates,Remora,Echeneidae,
TWA,0167,Sharpnose Puffer,Canthigaster rostrata,canthigaster rostrata,Puffer,Tetraodontidae,
TWA,0065,Sharptail Eel,Myrichthys breviceps,myrichthys breviceps,Snake Eel,Ophichthidae,
TWA,0161,Sheepshead,Archosargus probatocephalus,archosargus probatocephalus,Porgy,Sparidae,
TWA,0740,Sheepshead Minnow,Cyprinodon variegatus,cyprinodon variegatus,Killifish,Cyprinodontidae,
TWA,0162,Sheepshead Porgy,Calamus penna,calamus penna,Porgy,Sparidae,
TWA,0910,Shelf Flounder,Etropus cyclosquamus,etropus cyclosquamus,Sand Flounder,Paralichthyidae,
TWA,1105,Shoal Flounder,Syacium gunteri,syacium gunteri,Flounder,Bothidae,
TWA,0310,Short Bigeye,Pristigenys alta,pristigenys alta,Bigeye,Priacanthidae,
TWA,0495,Shortfin Pipefish,Cosmocampus elucens,cosmocampus elucens,Pipefish and Seahorse,Syngnathidae,
TWA,0573,Shortfin Sweeper,Pempheris poeyi,pempheris poeyi,Sweeper,Pempheridae,
TWA,0751,Shorthorn Sculpin,Myoxocephalus scorpius,myoxocephalus scorpius,Sculpin,Cottidae,
TWA,0309,Shortnose Batfish,Ogcocephalus nasutus,ogcocephalus nasutus,Batfish,Ogcocephalidae,
TWA,1083,Shortspine (Red Banner) Blenny,Emblemariopsis dianae,emblemariopsis dianae,"Blenny - Pike, tube, and flag",Chaenopsidae,
TWA,0088,Shortstripe Goby,Elacatinus chancei,elacatinus chancei,Goby,Gobiidae,
TWA,0698,Shorttail Snake Eel,Callechelys guineensis,callechelys guineensis,Snake Eel,Ophichthidae,
TWA,0399,Shrimp Flounder,Gastropsetta frontalis,gastropsetta frontalis,Flounder,Bothidae,
TWA,0125,Shy Hamlet,Hypoplectrus guttavarius,hypoplectrus guttavarius,Seabass,Serranidae,
TWA,0606,Sicklefin Devil Ray (aka Greater Devil Ray),Mobula tarapacana,mobula tarapacana,Manta,Mobulidae,
TWA,0799,Silk Snapper,Lutjanus vivanus,lutjanus vivanus,Snapper,Lutjanidae,
TWA,0558,Silky Shark,Carcharhinus falciformis,carcharhinus falciformis,Requiem Shark,Carcharhinidae,
TWA,0708,Silver Hake,Merluccius bilinearis,merluccius bilinearis,Cod,Gadidae,
TWA,0478,Silver Jenny,Eucinostomus gula,eucinostomus gula,Mojarra,Gerreidae,
TWA,0742,Silver Perch,Bairdiella chrysoura,bairdiella chrysoura,Drum,Sciaenidae,
TWA,0502,Silver Porgy,Diplodus caudimacula,diplodus caudimacula,Porgy,Sparidae,
TWA,1097,Skilletfish,Gobiesox strumosus,gobiesox strumosus,Clingfish,Gobiesocidae,
TWA,0642,Skipjack Tuna,Katsuwonus pelamis,katsuwonus pelamis,Mackerel,Scombridae,
TWA,0432,Slaty Goby,Elacatinus tenox,elacatinus tenox,Goby,Gobiidae,
TWA,0071,Slender Filefish,Monacanthus tuckeri,monacanthus tuckeri,Filefish,Monacanthidae,
TWA,0479,Slender Mojarra,Eucinostomus jonesii,eucinostomus jonesii,Mojarra,Gerreidae,
TWA,0218,Slippery Dick,Halichoeres bivittatus,halichoeres bivittatus,Wrasse,Labridae,
TWA,0945,Slope Soapfish,Rypticus carpenteri,rypticus carpenteri,Soapfishes,Grammistidae,
TWA,0113,Smallmouth Grunt,Haemulon chrysargyreum,haemulon chrysargyreum,Grunt,Haemulidae,
TWA,0516,Smalltooth Sawfish,Pristis pectinata,pristis pectinata,Sawfish,Pristidae,
TWA,0521,Smooth Butterfly Ray,Gymnura micrura,gymnura micrura,Stingray,Dasyatidae,
TWA,0889,Smooth clingfish,Gobiesox nudus,gobiesox nudus,Clingfish,Gobiesocidae,
TWA,0772,Smooth Flounder,Pleuronectes putnami,pleuronectes putnami,Flounder (Right-Eye),Pleuronectidae,
TWA,0550,Smooth Hammerhead,Sphyrna zygaena,sphyrna zygaena,Hammerhead Shark,Sphyrnidae,
TWA,1101,Smoothcheek Scorpionfish,Scorpaena isthmensis,scorpaena isthmensis,Scorpionfish,Scorpaenidae,
TWA,0647,Smootheye Shy Blenny Complex,Starksia atlantica complex,starksia atlantica,Blenny - Labrisomids,Labrisomidae,
TWA,1067,Smoothhead Glass Blenny (pka Blackhead Blenny),Emblemariopsis bahamensis,emblemariopsis bahamensis,"Blenny - Pike, tube, and flag",Chaenopsidae,
TWA,1146,Smoothhead Scorpionfish,Scorpaena calcarata,scorpaena calcarata,Scorpionfish,Scorpaenidae,
TWA,0722,Snakeblenny,Lumpenus lumpretaeformis,lumpenus lumpretaeformis,Prickleback,Stichaeidae,
TWA,0472,Snakefish,Trachinocephalus myops,trachinocephalus myops,Lizardfish,Synodontidae,
TWA,0540,Snow Bass,Serranus chionaraia,serranus chionaraia,Seabass,Serranidae,
TWA,0779,Snowy Grouper,Hyporthodus niveatus,hyporthodus niveatus,Seabass,Serranidae,
TWA,0823,Social Wrasse,Halichoeres socialis,halichoeres socialis,Wrasse,Labridae,
TWA,0770,Sohal Surgeonfish (exotic),Acanthurus sohal,acanthurus sohal,Surgeonfish,Acanthuridae,
TWA,0970,Sooty Eel,Bascanichthys bascanium,bascanichthys bascanium,Snake Eel,Ophichthidae,
TWA,0634,Southern Flounder,Paralichthys lethostigma,paralichthys lethostigma,Flounder,Bothidae,
TWA,0513,Southern Guitarfish,Rhinobatos percellens,rhinobatos percellens,Guitarfish,Rhinobatidae,
TWA,0369,Southern Hake,Urophycis floridana,urophycis floridana,Cod,Gadidae,
TWA,1138,Southern Ladyfish,Elops smithi,elops smithi,Tarpon,Elopidae,
TWA,0507,Southern Puffer,Sphoeroides nephelus,sphoeroides nephelus,Puffer,Tetraodontidae,
TWA,0940,Southern Smoothhead Glass Blenny,Emblemariopsis bottomei,emblemariopsis bottomei,"Blenny - Pike, tube, and flag",Chaenopsidae,
TWA,0572,Southern Stargazer,Astroscopus y-graecum,astroscopus y,Stargazer,Uranoscopidae,
TWA,0170,Southern Stingray,Hypanus americanus,hypanus americanus,Stingray,Dasyatidae,
TWA,0898,Spaghetti Eel,Moringua edwardsi,moringua edwardsi,Worm or Spaghetti Eels,Moringuidae,
TWA,0114,Spanish Grunt,Haemulon macrostoma,haemulon macrostoma,Grunt,Haemulidae,
TWA,0131,Spanish Hogfish,Bodianus rufus,bodianus rufus,Wrasse,Labridae,
TWA,0143,Spanish Mackerel,Scomberomorus maculatus,scomberomorus maculatus,Mackerel,Scombridae,
TWA,0906,Spanish Sardine,Sardinella aurita,sardinella aurita,"Silvery Fishes - Silversides, Herrings, and Anchovies","Atherinidae, Clupeidae, and Engraulidae",
TWA,0913,Speckled Blenny,Acanthemblemaria betinensis,acanthemblemaria betinensis,"Blenny - Pike, tube, and flag",Chaenopsidae,
TWA,0689,Speckled Hind,Epinephelus drummondhayi,epinephelus drummondhayi,Seabass,Serranidae,
TWA,0911,Spikefin Glass Blenny (pka Caribbean Flagfin Glass Blenny),Emblemariopsis carib,emblemariopsis carib,"Blenny - Pike, tube, and flag",Chaenopsidae,
TWA,0559,Spinner Shark,Carcharhinus brevipinna,carcharhinus brevipinna,Requiem Shark,Carcharhinidae,
TWA,0756,Spiny Dogfish,Squalus acanthias,squalus acanthias,Dogfish,Squalidae,
TWA,0840,Spiny Flounder,Engyophrys senta,engyophrys senta,Flounder,Bothidae,
TWA,0667,Spiny Sailfin Blenny,Emblemaria diphyodontis,emblemaria diphyodontis,"Blenny - Pike, tube, and flag",Chaenopsidae,
TWA,0527,Spinycheek Scorpionfish,Neomerinthe hemingwayi,neomerinthe hemingwayi,Scorpionfish,Scorpaenidae,
TWA,1057,Spinycheek Soldierfish,Corniger spinosus,corniger spinosus,Squirrelfish,Holocentridae,
TWA,0338,Spinyhead Blenny,Acanthemblemaria spinosa,acanthemblemaria spinosa,"Blenny - Pike, tube, and flag",Chaenopsidae,
TWA,1023,Splendid Shy Blenny (Cayman endemic),Starksia splendens,starksia splendens,Blenny - Labrisomids,Labrisomidae,
TWA,0582,Splendid Toadfish,Sanopus splendidus,sanopus splendidus,Toadfish,Batrachoididae,
TWA,0361,Sponge Cardinalfish,Phaeoptyx xenus,phaeoptyx xenus,Cardinalfish,Apogonidae,
TWA,0711,Spot,Leiostomus xanthurus,leiostomus xanthurus,Drum,Sciaenidae,
TWA,0022,Spotcheek Blenny,Labrisomus nigricinctus,labrisomus nigricinctus,Blenny - Labrisomids,Labrisomidae,
TWA,0509,Spotfin Burrfish,Chilomycterus reticulatus,chilomycterus reticulatus,Porcupinefish,Diodontidae,
TWA,0034,Spotfin Butterflyfish,Chaetodon ocellatus,chaetodon ocellatus,Butterflyfish,Chaetodontidae,
TWA,0639,Spotfin Flounder,Cyclopsetta fimbriata,cyclopsetta fimbriata,Sand Flounder,Paralichthyidae,
TWA,0596,Spotfin Goby,Oxyurichthys stigmalophius,oxyurichthys stigmalophius,Goby,Gobiidae,
TWA,0132,Spotfin Hogfish,Bodianus pulchellus,bodianus pulchellus,Wrasse,Labridae,
TWA,0919,Spotfin Jawfish,Opistognathus robinsi,opistognathus robinsi,Jawfish,Opistognathidae,
TWA,0601,Spotfin Mojarra,Eucinostomus argenteus,eucinostomus argenteus,Mojarra,Gerreidae,
TWA,0690,Spotjaw Blenny,Acanthemblemaria rivasi,acanthemblemaria rivasi,"Blenny - Pike, tube, and flag",Chaenopsidae,
TWA,0089,Spotlight Goby,Elacatinus louisae,elacatinus louisae,Goby,Gobiidae,
TWA,0856,Spottail Goby,Ctenogobius stigmaturus,ctenogobius stigmaturus,Goby,Gobiidae,
TWA,0501,Spottail Pinfish,Diplodus holbrookii,diplodus holbrookii,Porgy,Sparidae,
TWA,1110,Spotted Batfish,Ogcocephalus pantostictus,ogcocephalus pantostictus,Batfish,Ogcocephalidae,
TWA,0375,Spotted Dragonet,Diplogrammus pauciradiatus,diplogrammus pauciradiatus,Dragonet,Callionymidae,
TWA,1118,Spotted Driftfish,Ariomma regulus,ariomma regulus,Driftfishes,Ariommatidae,
TWA,0059,Spotted Drum,Eques punctatus,eques punctatus,Drum,Sciaenidae,
TWA,0171,Spotted Eagle Ray,Aetobatus narinari,aetobatus narinari,Eagle Ray,Myliobatidae,
TWA,0076,Spotted Goatfish,Pseudupeneus maculatus,pseudupeneus maculatus,Goatfish,Mullidae,
TWA,0434,Spotted Goby,Coryphopterus punctipectophorus,coryphopterus punctipectophorus,Goby,Gobiidae,
TWA,0370,Spotted Hake,Urophycis regia,urophycis regia,Cod,Gadidae,
TWA,0066,Spotted Moray,Gymnothorax moringa,gymnothorax moringa,Moray,Muraenidae,
TWA,0178,Spotted Scorpionfish,Scorpaena plumieri plumieri,scorpaena plumieri,Scorpionfish,Scorpaenidae,
TWA,0626,Spotted Seatrout,Cynoscion nebulosus,cynoscion nebulosus,Drum,Sciaenidae,
TWA,0389,Spotted Snake Eel,Ophichthus ophis,ophichthus ophis,Snake Eel,Ophichthidae,
TWA,0565,Spotted Soapfish,Rypticus subbifrenatus,rypticus subbifrenatus,Soapfishes,Grammistidae,
TWA,0390,Spotted Spoon-nose Eel,Echiophis intertinctus,echiophis intertinctus,Snake Eel,Ophichthidae,
TWA,0028,Spotted Trunkfish,Lactophrys bicaudalis,lactophrys bicaudalis,Boxfish,Ostraciidae,
TWA,1021,Spotted Whiff,Citharichthys macrops,citharichthys macrops,Flounder,Bothidae,
TWA,0978,Spottedfin Tonguefish,Symphurus diomedeanus,symphurus diomedeanus,Tonguefishes,Cynoglossidae,
TWA,1064,Springer's Blenny (Smootheye Shy Blenny Complex species),Starksia springeri,starksia springeri,Blenny - Labrisomids,Labrisomidae,
TWA,0203,Squirrelfish,Holocentrus adscensionis,holocentrus adscensionis,Squirrelfish,Holocentridae,
TWA,0974,St Paul's Damselfish,Stegastes sanctipauli,stegastes sanctipauli,Damselfish,Pomacentridae,
TWA,1008,Stalk Blenny / False Papillose Blenny,Acanthemblemaria greenfieldi,acanthemblemaria greenfieldi,"Blenny - Pike, tube, and flag",Chaenopsidae,
TWA,0366,Stippled Clingfish,Gobiesox punctulatus,gobiesox punctulatus,Clingfish,Gobiesocidae,
TWA,0848,Stippled spoon-nose Eel,Echiophis punctifer,echiophis punctifer,Snake Eel,Ophichthidae,
TWA,0155,Stoplight Parrotfish,Sparisoma viride,sparisoma viride,Parrotfish,Scaridae,
TWA,0386,Stout Moray,Muraena robusta,muraena robusta,Moray,Muraenidae,
TWA,0813,Streamer Wrasse (aka Brazilian Creole Wrasse),Bodianus brasiliensis,bodianus brasiliensis,Wrasse,Labridae,
TWA,0412,Striated Frogfish,Antennarius striatus,antennarius striatus,Frogfish,Antennariidae,
TWA,0619,Striped Bass,Morone saxatilis,morone saxatilis,Temperate Basses,Percichthyidae,
TWA,0701,Striped Blenny,Chasmodes bosquianus,chasmodes bosquianus,Blenny - Combtooth,Blenniidae,
TWA,0508,Striped Burrfish,Chilomycterus schoepfii,chilomycterus schoepfii,Porcupinefish,Diodontidae,
TWA,0522,Striped Cardinalfish,Apogon robbyi,apogon robbyi,Cardinalfish,Apogonidae,
TWA,0378,Striped Croaker,Bairdiella sanctaeluciae,bairdiella sanctaeluciae,Drum,Sciaenidae,
TWA,0115,Striped Grunt,Haemulon striatum,haemulon striatum,Grunt,Haemulidae,
TWA,0979,Striped Hamlet (restricted to Fort Liberte Haiti),Hypoplectrus liberte,hypoplectrus liberte,Seabass,Serranidae,
TWA,0741,Striped Killifish,Fundulus majalis,fundulus majalis,Killifish,Cyprinodontidae,
TWA,1012,Striped Mojarra,Eugerres plumieri,eugerres plumieri,Mojarra,Gerreidae,
TWA,0481,Striped Mullet,Mugil cephalus,mugil cephalus,Mullet,Mugilidae,
TWA,0156,Striped Parrotfish,Scarus iseri,scarus iseri,Parrotfish,Scaridae,
TWA,0682,Striped Searobin,Prionotus evolans,prionotus evolans,Searobin,Triglidae,
TWA,0818,Striped Trumpet,Aulostomus strigosus,aulostomus strigosus,Trumpetfish,Aulostomidae,
TWA,0621,Summer Flounder (Fluke),Paralichthys dentatus,paralichthys dentatus,Flounder,Bothidae,
TWA,0045,Sunshinefish,Chromis insolata,chromis insolata,Damselfish,Pomacentridae,
TWA,0833,Surf Eel,Ichthyapus ophioneus,ichthyapus ophioneus,Snake Eel,Ophichthidae,
TWA,0944,Surf Shy Blenny Complex,Starksia smithvanizi complex,starksia smithvanizi,Blenny - Labrisomids,Labrisomidae,
TWA,0902,Surge Clingfish,Tomicodon rupestris,tomicodon rupestris,Clingfish,Gobiesocidae,
TWA,0467,Swordtail Jawfish,Lonchopisthus micrognathus,lonchopisthus micrognathus,Jawfish,Opistognathidae,
TWA,0126,Tan Hamlet,Hypoplectrus randallorum,hypoplectrus randallorum,Seabass,Serranidae,
TWA,0237,Tarpon,Megalops atlanticus,megalops atlanticus,Tarpon,Elopidae,
TWA,0541,Tattler Bass,Serranus phoebe,serranus phoebe,Seabass,Serranidae,
TWA,0630,Tautog,Tautoga onitis,tautoga onitis,Wrasse,Labridae,
TWA,0314,Tessellated Blenny,Hypsoblennius invemar,hypsoblennius invemar,Blenny - Combtooth,Blenniidae,
TWA,0757,Thorny Skate,Amblyraja radiata,amblyraja radiata,Skate,Rajidae,
TWA,0401,Three-eye Flounder,Ancylopsetta dilecta,ancylopsetta dilecta,Flounder,Bothidae,
TWA,0304,Threeline Basslet,Lipogramma trilineatum,lipogramma trilineatum,Basslet,Grammatidae,
TWA,0053,Threespot Damselfish,Stegastes planifrons,stegastes planifrons,Damselfish,Pomacentridae,
TWA,1055,Tidewater Mojarra,Eucinostomus harengulus,eucinostomus harengulus,Mojarra,Gerreidae,
TWA,0435,Tiger Goby,Gobiosoma macrodon,gobiosoma macrodon,Goby,Gobiidae,
TWA,0102,Tiger Grouper,Mycteroperca tigris,mycteroperca tigris,Seabass,Serranidae,
TWA,0560,Tiger Shark,Galeocerdo cuvier,galeocerdo cuvier,Requiem Shark,Carcharhinidae,
TWA,0487,Timucu,Strongylura timucu,strongylura timucu,Needlefish,Belonidae,
TWA,0185,Tobaccofish,Serranus tabacarius,serranus tabacarius,Seabass,Serranidae,
TWA,0116,Tomtate,Haemulon aurolineatum,haemulon aurolineatum,Grunt,Haemulidae,
TWA,0930,Topsail Chub,Kyphosus cinerascens,kyphosus cinerascens,Chub,Kyphosidae,
TWA,0585,Tripletail,Lobotes surinamensis,lobotes surinamensis,Tripletail,Lobotidae,
TWA,0402,Tropical Flounder,Paralichthys tropicus,paralichthys tropicus,Flounder,Bothidae,
TWA,0239,Trumpetfish,Aulostomus maculatus,aulostomus maculatus,Trumpetfish,Aulostomidae,
TWA,0029,Trunkfish,Lactophrys trigonus,lactophrys trigonus,Boxfish,Ostraciidae,
TWA,0983,Tuiupiranga Parrotfish,Sparisoma tuiupiranga,sparisoma tuiupiranga,Parrotfish,Scaridae,
TWA,0829,Tunnel Goby,Psilotris kaufmani,psilotris kaufmani,Goby,Gobiidae,
TWA,0603,Tusked Goby,Risor ruber,risor ruber,Goby,Gobiidae,
TWA,0677,Twinhorn Blenny,Coralliozetus cardonae,coralliozetus cardonae,"Blenny - Pike, tube, and flag",Chaenopsidae,
TWA,0542,Twinspot Bass,Serranus flaviventris,serranus flaviventris,Seabass,Serranidae,
TWA,0954,Two-Bar Triplefin,Enneanectes deloachorum,enneanectes deloachorum,Triplefin (Blenny),Tripterygiidae,
TWA,0040,Twospot Cardinalfish,Apogon pseudomaculatus,apogon pseudomaculatus,Cardinalfish,Apogonidae,
TWA,0400,Twospot Flounder,Bothus robinsi,bothus robinsi,Flounder,Bothidae,
TWA,0693,Twostripe Puffer,Canthigaster figueiredoi,canthigaster figueiredoi,Puffer,Tetraodontidae,
TWA,0395,Unicorn Filefish,Aluterus monoceros,aluterus monoceros,Filefish,Monacanthidae,
TWA,1009,Unidentified Mojarra sp.,Eucinostomus/Gerres spp.,eucinostomus gerres,Mojarra,Gerreidae,
TWA,0866,Unidentified Sea Catfish,Ariidae,ariidae,Sea Catfishes,Ariidae,
TWA,0908,Veracruz Hamlet,Hypoplectrus castroaguirrei,hypoplectrus castroaguirrei,Seabass,Serranidae,
TWA,0563,Vermillion Snapper,Rhomboplites aurorubens,rhomboplites aurorubens,Snapper,Lutjanidae,
TWA,0544,Vieja,Serranus dewegeri,serranus dewegeri,Seabass,Serranidae,
TWA,0067,Viper Moray,Enchelycore nigricans,enchelycore nigricans,Moray,Muraenidae,
TWA,0474,Wahoo,Acanthocybium solandri,acanthocybium solandri,Mackerel,Scombridae,
TWA,0613,Wall Goby (aka Semiscaled Goby),Tigrigobius pallens,tigrigobius pallens,Goby,Gobiidae,
TWA,0441,Warsaw Grouper,Epinephelus nigritus,epinephelus nigritus,Seabass,Serranidae,
TWA,0988,Warteye Stargazer,Gillellus uranidea,gillellus uranidea,Sand Stargazers,Dactyloscopidae,
TWA,0168,Web Burrfish,Chilomycterus antillarum,chilomycterus antillarum,Porcupinefish,Diodontidae,
TWA,0092,Western Comb Grouper,Mycteroperca acutirostris,mycteroperca acutirostris,Seabass,Serranidae,
TWA,0781,Western Smoothhead Glass Blenny (pka Seafan Blenny),Emblemariopsis pricei,emblemariopsis pricei,"Blenny - Pike, tube, and flag",Chaenopsidae,
TWA,0546,Whale Shark,Rhincodon typus,rhincodon typus,Carpet Shark,Rhincodontidae,
TWA,0671,White Grouper,Mycteroperca cidi,mycteroperca cidi,Seabass,Serranidae,
TWA,0117,White Grunt,Haemulon plumierii,haemulon plumierii,Grunt,Haemulidae,
TWA,0709,White Hake,Urophycis tenuis,urophycis tenuis,Cod,Gadidae,
TWA,0110,White Margate,Haemulon album,haemulon album,Grunt,Haemulidae,
TWA,0482,White Mullet,Mugil curema,mugil curema,Mullet,Mugilidae,
TWA,0743,White Perch,Morone americana,morone americana,Temperate Basses,Percichthyidae,
TWA,0643,White Trevally,Pseudocaranx dentex,pseudocaranx dentex,Jack,Carangidae,
TWA,0436,White-eye Goby,Bollmannia boqueronensis,bollmannia boqueronensis,Goby,Gobiidae,
TWA,0503,Whitebone Porgy,Calamus leucosteus,calamus leucosteus,Porgy,Sparidae,
TWA,0523,Whitefin Sharksucker,Echeneis neucratoides,echeneis neucratoides,Remora,Echeneidae,
TWA,0583,Whitelined Toadfish,Sanopus greenfieldorum,sanopus greenfieldorum,Toadfish,Batrachoididae,
TWA,0827,Whitemouth Croaker,Micropogonias furnieri,micropogonias furnieri,Drum,Sciaenidae,
TWA,0496,Whitenose Pipefish,Cosmocampus albirostris,cosmocampus albirostris,Pipefish and Seahorse,Syngnathidae,
TWA,0816,Whitespotted (aka Blackear) Moray,Muraena pavonina,muraena pavonina,Moray,Muraenidae,
TWA,0072,Whitespotted Filefish,Cantherhines macrocerus,cantherhines macrocerus,Filefish,Monacanthidae,
TWA,0566,Whitespotted Soapfish,Rypticus maculatus,rypticus maculatus,Soapfishes,Grammistidae,
TWA,0790,Whitespotted Surgeonfish (Exotic),Acanthurus guttatus,acanthurus guttatus,Surgeonfish,Acanthuridae,
TWA,0584,Whitespotted Toadfish,Sanopus astrifer,sanopus astrifer,Toadfish,Batrachoididae,
TWA,0041,Whitestar Cardinalfish,Apogon lachneri,apogon lachneri,Cardinalfish,Apogonidae,
TWA,0831,Whitestriped Squirrelfish (St. Vincent),unID,unid,Squirrelfish,Holocentridae,
TWA,1024,Williams Blenny (Blackcheek Shy Blenny complex species),Starksia williamsi,starksia williamsi,Blenny - Labrisomids,Labrisomidae,
TWA,0727,Windowpane Flounder,Scophthalmus aquosus,scophthalmus aquosus,Flounder,Bothidae,
TWA,0932,Windward Triplefin,Enneanectes wilki,enneanectes wilki,Triplefin (Blenny),Tripterygiidae,
TWA,0728,Winter Flounder,Pseudopleuronectes americanus,pseudopleuronectes americanus,Flounder (Right-Eye),Pleuronectidae,
TWA,0758,Winter Skate,Leucoraja ocellata,leucoraja ocellata,Skate,Rajidae,
TWA,0729,Witch Flounder,Glyptocephalus cynoglossus,glyptocephalus cynoglossus,Flounder (Right-Eye),Pleuronectidae,
TWA,0543,Wrasse Basslet,Liopropoma eukrines,liopropoma eukrines,Basslet / Seabass,Liopropomatinae,
TWA,0339,Wrasse Blenny,Hemiemblemaria simulus,hemiemblemaria simulus,"Blenny - Pike, tube, and flag",Chaenopsidae,
TWA,0609,Yellow Garden Eel,Heteroconger luteolus,heteroconger luteolus,Conger,Congridae,
TWA,0077,Yellow Goatfish,Mulloidichthys martinicus,mulloidichthys martinicus,Goatfish,Mullidae,
TWA,0141,Yellow Jack,Caranx bartholomaei,caranx bartholomaei,Jack,Carangidae,
TWA,0468,Yellow Jawfish,Opistognathus gilberti,opistognathus gilberti,Jawfish,Opistognathidae,
TWA,0648,Yellow Sailfin Tang (exotic),Zebrasoma flavescens,zebrasoma flavescens,Surgeonfish,Acanthuridae,
TWA,0172,Yellow Stingray,Urobatis jamaicensis,urobatis jamaicensis,Round Stingrays,Urolophidae,
TWA,1131,Yellow Triplefin,Enneanectes flavus,enneanectes flavus,Triplefin (Blenny),Tripterygiidae,
TWA,0127,Yellowbelly Hamlet,Hypoplectrus aberrans,hypoplectrus aberrans,Seabass,Serranidae,
TWA,0305,Yellowcheek Basslet,Gramma linki,gramma linki,Basslet,Grammatidae,
TWA,0219,Yellowcheek Wrasse,Halichoeres cyanocephalus,halichoeres cyanocephalus,Wrasse,Labridae,
TWA,0830,Yellowedge Grouper,Epinephelus flavolimbatus,epinephelus flavolimbatus,Seabass,Serranidae,
TWA,0341,Yellowface Pikeblenny,Chaenopsis limbaughi,chaenopsis limbaughi,"Blenny - Pike, tube, and flag",Chaenopsidae,
TWA,0793,Yellowfin Chromis,Chromis flavicauda,chromis flavicauda,Damselfish,Pomacentridae,
TWA,0103,Yellowfin Grouper,Mycteroperca venenosa,mycteroperca venenosa,Seabass,Serranidae,
TWA,0229,Yellowfin Mojarra,Gerres cinereus,gerres cinereus,Mojarra,Gerreidae,
TWA,0625,Yellowfin Tuna,Thunnus albacares,thunnus albacares,Mackerel,Scombridae,
TWA,0228,Yellowhead Jawfish,Opistognathus aurifrons,opistognathus aurifrons,Jawfish,Opistognathidae,
TWA,0220,Yellowhead Wrasse,Halichoeres garnoti,halichoeres garnoti,Wrasse,Labridae,
TWA,0090,Yellowline Goby,Elacatinus horsti,elacatinus horsti,Goby,Gobiidae,
TWA,0104,Yellowmouth Grouper,Mycteroperca interstitialis,mycteroperca interstitialis,Seabass,Serranidae,
TWA,0437,Yellownose Goby,Elacatinus randalli,elacatinus randalli,Goby,Gobiidae,
TWA,0973,Yellowstriped Grunt,Haemulon squamipinna,haemulon squamipinna,Grunt,Haemulidae,
TWA,0153,Yellowtail (Redfin) Parrotfish,Sparisoma rubripinne,sparisoma rubripinne,Parrotfish,Scaridae,
TWA,1102,Yellowtail Amberjack,Seriola lalandi,seriola lalandi,Jack,Carangidae,
TWA,0054,Yellowtail Damselfish,Microspathodon chrysurus,microspathodon chrysurus,Damselfish,Pomacentridae,
TWA,0730,Yellowtail Flounder,Limanda ferruginea,limanda ferruginea,Flounder (Right-Eye),Pleuronectidae,
TWA,0128,Yellowtail Hamlet,Hypoplectrus chlorurus,hypoplectrus chlorurus,Seabass,Serranidae,
TWA,0046,Yellowtail Reeffish,Chromis enchrysura,chromis enchrysura,Damselfish,Pomacentridae,
TWA,0649,Yellowtail Sailfin Tang (exotic),Zebrasoma xanthurum,zebrasoma xanthurum,Surgeonfish,Acanthuridae,
TWA,0197,Yellowtail Snapper,Ocyurus chrysurus,ocyurus chrysurus,Snapper,Lutjanidae,
TWA,0651,Yellowtip Damselfish,Stegastes pictus,stegastes pictus,Damselfish,Pomacentridae,
TWA,0315,Zebratail Blenny,Hypleurochilus caudovittatus,hypleurochilus caudovittatus,Blenny - Combtooth,Blenniidae,
